Solute_SMILES,Solvent_SMILES,T_K,ln_gamma_inf,ln_gamma_inf_pred_mosced
ClC(Cl)(Cl)Cl,O,283.15,9.243504318354615,8.052851239148188
ClC(Cl)(Cl)Cl,O,283.15,9.518971473178349,8.052851239148188
ClC(Cl)(Cl)Cl,O,285.65,9.132351803114208,7.946720989916468
ClC(Cl)(Cl)Cl,O,288.15,9.318701381646248,7.841207138257889
ClC(Cl)(Cl)Cl,O,293.15,9.130368161817636,7.63251702441758
ClC(Cl)(Cl)Cl,O,293.15,9.280910665345472,7.63251702441758
ClC(Cl)(Cl)Cl,O,293.15,9.4136076932856,7.63251702441758
ClC(Cl)(Cl)Cl,O,293.15,9.414292948896431,7.63251702441758
ClC(Cl)(Cl)Cl,O,293.65,9.566783288998751,7.61184398249119
ClC(Cl)(Cl)Cl,O,298.15,9.215397562802943,7.427597685082294
ClC(Cl)(Cl)Cl,O,298.15,9.246286498749653,7.427597685082294
ClC(Cl)(Cl)Cl,O,298.15,9.319535526001578,7.427597685082294
ClC(Cl)(Cl)Cl,O,298.15,9.412366512044471,7.427597685082294
ClC(Cl)(Cl)Cl,O,298.15,9.414056425624294,7.427597685082294
ClC(Cl)(Cl)Cl,O,303.15,9.193506473640204,7.227048373862106
ClC(Cl)(Cl)Cl,O,303.15,9.220062954124304,7.227048373862106
ClC(Cl)(Cl)Cl,O,303.15,9.261565664051629,7.227048373862106
ClC(Cl)(Cl)Cl,O,303.15,9.268203537420373,7.227048373862106
ClC(Cl)(Cl)Cl,O,303.15,9.4856588289445,7.227048373862106
ClC(Cl)(Cl)Cl,O,304.15,9.384713758920965,7.1875031427774045
ClC(Cl)(Cl)Cl,O,308.15,9.10885677578908,7.0312969142234
ClC(Cl)(Cl)Cl,O,313.15,9.076391749466232,6.8406360727245135
ClC(Cl)(Cl)Cl,O,313.15,9.484557193474393,6.8406360727245135
ClC(Cl)(Cl)Cl,O,314.45,9.441190153874622,6.791923173892335
ClC(Cl)(Cl)Cl,O,325.65,9.302764573165677,6.387278529876893
ClC(Cl)(Cl)Cl,O,337.15,9.094766768725435,5.999995760727874
ClC(Cl)(Cl)Cl,O,348.15,8.913979413376076,5.655706013021726
CCOCC,O,283.15,3.905725215916968,3.916438805291112
CCOCC,O,288.15,4.063749606692428,3.886596543008296
CCOCC,O,293.15,4.217800366149019,3.8473065148194254
CCOCC,O,293.15,4.234965555796951,3.8473065148194254
CCOCC,O,293.15,4.526785852451705,3.8473065148194254
CCOCC,O,296.15,4.298172087830372,3.820037571321413
CCOCC,O,298.15,4.232959470193154,3.8005498912965447
CCOCC,O,298.15,4.351105980532854,3.8005498912965447
CCOCC,O,303.15,4.448010985096378,3.747947889567729
CCOCC,O,303.15,4.481209985874802,3.747947889567729
CCOCC,O,303.25,4.495396613771142,3.7468457869707783
CCOCC,O,308.15,4.591855943523208,3.690829501079127
CCO,O,283.15,1.1488395150069954,1.363546557399398
CCO,O,283.15,1.166613557568568,1.363546557399398
CCO,O,283.15,1.4865106679950018,1.363546557399398
CCO,O,293.15,1.3421256266746362,1.3684128321353064
CCO,O,293.15,1.5824489652845206,1.3684128321353064
CCO,O,297.45,1.5650721461654784,1.3671321196629995
CCO,O,298.15,1.1914709811829676,1.3667602512878296
CCO,O,298.15,1.2589835803084242,1.3667602512878296
CCO,O,298.15,1.27586267545426,1.3667602512878296
CCO,O,298.15,1.3264965848724235,1.3667602512878296
CCO,O,298.15,1.3433738120067866,1.3667602512878296
CCO,O,298.15,1.3771299963144716,1.3667602512878296
CCO,O,298.15,1.39400704178533,1.3667602512878296
CCO,O,298.15,1.427764945260417,1.3667602512878296
CCO,O,298.65,1.4648975716759538,1.3664682147618212
CCO,O,303.15,1.4290424994336068,1.362906606421265
CCO,O,303.15,1.4954402033806105,1.362906606421265
CCO,O,303.15,1.5286399196045264,1.362906606421265
CCO,O,303.15,1.644837874265694,1.362906606421265
CCO,O,303.25,1.6255572943139835,1.3628093829360748
CCO,O,308.15,1.4970080230889664,1.357175067269172
CCO,O,313.15,1.548092155662345,1.3498437368981382
CCO,O,313.15,1.5641622651088645,1.3498437368981382
CCO,O,313.15,1.612369610803768,1.3498437368981382
CCO,O,313.15,1.6445096458466617,1.3498437368981382
CCO,O,313.15,1.69271783620339,1.3498437368981382
CCO,O,313.15,1.7087871967892414,1.3498437368981382
CCO,O,313.25,1.6740920518876163,1.3496824976688977
CCO,O,318.15,1.583056975425798,1.3411523991820442
CCO,O,322.05,1.6604560689747043,1.3335632949862797
CCO,O,323.15,1.6181974355471789,1.3313081626294194
CCO,O,323.15,1.7427757863350828,1.3313081626294194
CCO,O,323.15,1.758349176175439,1.3313081626294194
CCO,O,323.25,1.724761036097453,1.3311007916031805
CCO,O,328.15,1.653473936423712,1.320490197362157
CCO,O,328.15,1.6841445624872975,1.320490197362157
CCO,O,333.15,1.5075934305010563,1.3088537240269846
CCO,O,333.15,1.673747032261203,1.3088537240269846
CCO,O,333.15,1.7190615281541366,1.3088537240269846
CCO,O,333.15,1.749272895619975,1.3088537240269846
CCO,O,333.15,1.7945871342790474,1.3088537240269846
CCO,O,333.25,1.7620422544399057,1.3086136020629184
CCO,O,343.15,1.8184452161570928,1.2836460907230085
CCO,O,343.25,1.7868842714062274,1.283383283396095
CCO,O,351.35,1.7549692666561505,1.2615448840076
CCO,O,353.05,1.818643175553347,1.2568416519822276
CCO,O,358.15,1.7818808358045648,1.2425342625562343
CCO,O,363.15,1.7906855594599915,1.22827156635309
CCO,O,368.15,1.800116121609101,1.2138340937682384
CCO,O,372.15,1.81618700603854,1.2021926151694713
CCO,O,373.15,1.6482893266356866,1.199272604233768
CCO,O,373.3,1.7937108972865208,1.1988343207090746
CO,O,273.35,0.1765046714723898,1.2187462605723458
CO,O,283.15,0.3230685211220377,1.1864600695020575
CO,O,293.15,0.4259472430488156,1.1536250010758835
CO,O,293.15,0.5117751728015789,1.1536250010758835
CO,O,293.15,0.9752575096380048,1.1536250010758835
CO,O,297.45,0.7445244714196935,1.1396422258515928
CO,O,298.15,0.4258492656292666,1.1373764667455366
CO,O,298.15,0.4596060108744184,1.1373764667455366
CO,O,298.15,0.4933599835869288,1.1373764667455366
CO,O,298.15,0.5102394520008844,1.1373764667455366
CO,O,298.15,0.5271162087019715,1.1373764667455366
CO,O,298.15,0.5439973091540619,1.1373764667455366
CO,O,298.15,0.5946298633841135,1.1373764667455366
CO,O,298.2,0.5429694315145573,1.137214747719394
CO,O,298.65,0.5674365544310391,1.13576001310448
CO,O,300.45,0.7819086918374031,1.129954705851998
CO,O,303.15,0.5264075918922742,1.1212899066195596
CO,O,303.15,0.5762031678253698,1.1212899066195596
CO,O,303.15,0.7421992152002171,1.1212899066195596
CO,O,303.15,0.924798438486767,1.1212899066195596
CO,O,303.25,0.7899199266562074,1.1209700285800377
CO,O,308.15,0.592038723186901,1.1053930338947031
CO,O,313.15,0.5922544472600549,1.0897076409116326
CO,O,313.15,0.6243917808743336,1.0897076409116326
CO,O,313.15,0.6404634462745019,1.0897076409116326
CO,O,313.15,0.6565298755967787,1.0897076409116326
CO,O,313.15,0.8332960046084763,1.0897076409116326
CO,O,313.15,0.8493642952677914,1.0897076409116326
CO,O,313.65,0.823359320555349,1.0881514205062448
CO,O,318.15,0.6724443482007435,1.0742506014569215
CO,O,323.15,0.7042898695784298,1.0590347062544758
CO,O,323.15,0.7354352997939254,1.0590347062544758
CO,O,323.2,0.734500234043424,1.0588837994266889
CO,O,323.25,0.8269741544960076,1.058732917684917
CO,O,328.15,0.7359719681505611,1.044069360063092
CO,O,328.15,0.7513075922323562,1.044069360063092
CO,O,333.05,0.7692560068122521,1.0296527765310906
CO,O,333.15,0.6466266887344628,1.029361163778577
CO,O,333.15,0.7523637527160314,1.029361163778577
CO,O,333.15,0.7674658448022446,1.029361163778577
CO,O,333.2,0.8118808753078581,1.0292153966394724
CO,O,333.25,0.8713812281922055,1.0290696556627767
CO,O,342.35,0.828962213691482,1.0029829395004632
CO,O,353.05,0.892776424809087,0.9734293748686368
CO,O,358.15,0.8370223909679345,0.9597672380002398
CO,O,362.95,0.8990184206265559,0.9471561146884444
CO,O,363.15,0.8680873954876142,0.9466358174590926
CO,O,368.15,0.8714565325473429,0.9337615464223082
CO,O,372.15,0.8771090579588328,0.923644869893962
CO,O,372.55,0.938467010418178,0.9226420499865547
CO,O,373.15,0.7942632010793891,0.92114081998817
CO,O,373.3,0.8189468855712101,0.9207660742394436
CC(C)O,O,288.15,2.318448599582213,1.393337728602173
CC(C)O,O,293.15,1.924632520193256,1.4245065903064034
CC(C)O,O,293.15,1.9761303136858408,1.4245065903064034
CC(C)O,O,298.15,1.8838310771818616,1.448725946972496
CC(C)O,O,298.15,2.0357325713523444,1.448725946972496
CC(C)O,O,298.15,2.052611051707279,1.448725946972496
CC(C)O,O,298.15,2.103244734463406,1.448725946972496
CC(C)O,O,303.15,2.0955646135898114,1.466960189424146
CC(C)O,O,303.15,2.211761732345317,1.466960189424146
CC(C)O,O,303.15,2.278160219558348,1.466960189424146
CC(C)O,O,308.15,2.188257829273534,1.4800339636204782
CC(C)O,O,313.15,2.2479419837098726,1.4886545003446885
CC(C)O,O,313.15,2.3925720385852043,1.4886545003446885
CC(C)O,O,317.85,2.1898877283622014,1.4932419713557687
CC(C)O,O,323.15,2.3989129366210244,1.494884842139597
CC(C)O,O,323.25,2.473896257267948,1.4948832891569004
CC(C)O,O,328.05,2.277249848960313,1.4935259288209275
CC(C)O,O,328.15,2.519871524823857,1.4934722044394837
CC(C)O,O,333.15,2.261453675607473,1.4895846008561808
CC(C)O,O,333.15,2.4729184104759336,1.4895846008561808
CC(C)O,O,333.15,2.488026777124244,1.4895846008561808
CC(C)O,O,337.55,2.2661129989240254,1.4843878336863576
CC(C)O,O,349.15,2.4126764007877006,1.4642052790047024
CC(C)O,O,353.15,2.5294178308833737,1.455467449529404
CC(C)O,O,355.45,2.530341986462213,1.4501017697707554
CC(C)O,O,357.75,2.461271186551626,1.4445086358578352
CC(C)O,O,373.15,2.5237346576375184,1.4023186513359531
CC(C)=O,O,288.15,1.763593163679481,0.7327684312906974
CC(C)=O,O,293.15,1.9119869222678807,0.7625730450660974
CC(C)=O,O,297.25,2.0736284282280435,0.7827830543061971
CC(C)=O,O,298.01,2.025606862813924,0.7861503695703784
CC(C)=O,O,298.05,2.0417474626274905,0.7863244718382855
CC(C)=O,O,298.15,1.9386193499389088,0.7867583725845283
CC(C)=O,O,298.15,1.955496906044164,0.7867583725845283
CC(C)=O,O,298.15,1.9892528496392308,0.7867583725845283
CC(C)=O,O,298.15,2.0230087468676543,0.7867583725845283
CC(C)=O,O,298.15,2.039886972802934,0.7867583725845283
CC(C)=O,O,298.15,2.056765113972069,0.7867583725845283
CC(C)=O,O,298.65,2.0980081112536744,0.7888990260674934
CC(C)=O,O,303.15,1.998837322221393,0.8061066661514058
CC(C)=O,O,303.15,2.048636913719601,0.8061066661514058
CC(C)=O,O,303.25,2.080018874990883,0.8064490495221064
CC(C)=O,O,313.15,2.181191170927006,0.8328640040517845
CC(C)=O,O,313.25,2.227636305916045,0.8330623539323003
CC(C)=O,O,317.75,2.118175357471679,0.8407595870362423
CC(C)=O,O,317.75,2.165686896182476,0.8407595870362423
CC(C)=O,O,318.15,2.190531114902482,0.8413329592427274
CC(C)=O,O,323.15,1.7177720026337593,0.8471126652427724
CC(C)=O,O,323.25,2.2766886560978694,0.8472034083501966
CC(C)=O,O,333.15,2.358010339099456,0.8520057550235711
CC(C)=O,O,333.15,2.373108792166169,0.8520057550235711
CC(C)=O,O,333.15,2.463742596171428,0.8520057550235711
CC(C)=O,O,333.25,2.3261746584271314,0.8520159463462837
CC(C)=O,O,373.15,2.427092138410184,0.8171950084554909
ClC(Cl)Cl,O,283.15,6.689362922843412,6.250203955071656
ClC(Cl)Cl,O,285.65,6.459414506516656,6.164729565900932
ClC(Cl)Cl,O,288.15,6.775230236959799,6.080139775777518
ClC(Cl)Cl,O,293.15,6.344700835642041,5.913823369105093
ClC(Cl)Cl,O,293.15,6.705186115903536,5.913823369105093
ClC(Cl)Cl,O,293.15,6.773850102223314,5.913823369105093
ClC(Cl)Cl,O,293.15,6.911179409948831,5.913823369105093
ClC(Cl)Cl,O,295.15,6.961258130499444,5.848425860103932
ClC(Cl)Cl,O,297.25,6.296398201587514,5.78048124663888
ClC(Cl)Cl,O,298.15,6.43634906657635,5.751592749432788
ClC(Cl)Cl,O,298.15,6.6557633355253625,5.751592749432788
ClC(Cl)Cl,O,298.15,6.807666399357829,5.751592749432788
ClC(Cl)Cl,O,298.15,6.841422081709653,5.751592749432788
ClC(Cl)Cl,O,298.15,6.875178366825395,5.751592749432788
ClC(Cl)Cl,O,298.15,6.962943976426019,5.751592749432788
ClC(Cl)Cl,O,298.15,7.001764613053414,5.751592749432788
ClC(Cl)Cl,O,300.45,6.362355463575814,5.678404993142191
ClC(Cl)Cl,O,303.15,6.343660726336806,5.593676296952911
ClC(Cl)Cl,O,303.15,6.793510974623917,5.593676296952911
ClC(Cl)Cl,O,308.15,6.7450681000371,5.440216270868954
ClC(Cl)Cl,O,308.15,6.797325268455187,5.440216270868954
ClC(Cl)Cl,O,313.15,6.808525929254551,5.2912874491135975
ClC(Cl)Cl,O,323.15,6.76577803463652,5.007070965155827
ClC(Cl)Cl,O,323.15,6.818722952157459,5.007070965155827
CCCO,O,273.35,2.2023812587711507,1.7320719083146965
CCCO,O,283.15,2.145004537863595,1.8179619984637547
CCCO,O,283.15,2.4293587031551884,1.8179619984637547
CCCO,O,293.15,2.350927537904547,1.870278705352248
CCCO,O,293.15,2.608414010926863,1.870278705352248
CCCO,O,293.15,3.192055349983759,1.870278705352248
CCCO,O,297.25,2.8551072087958533,1.8836673254287577
CCCO,O,298.06,2.607021032344376,1.885836724358528
CCCO,O,298.15,2.4013891620526264,1.8860685585750991
CCCO,O,298.15,2.435138507553879,1.8860685585750991
CCCO,O,298.15,2.468895824515635,1.8860685585750991
CCCO,O,298.15,2.6039185596986583,1.8860685585750991
CCCO,O,298.15,2.637677807082885,1.8860685585750991
CCCO,O,298.15,2.6545579996615247,1.8860685585750991
CCCO,O,298.15,2.7220714424644643,1.8860685585750991
CCCO,O,298.2,2.63595251466178,1.8861965669662368
CCCO,O,303.15,2.585128987589703,1.8962184114214653
CCCO,O,303.15,2.668130577100966,1.8962184114214653
CCCO,O,303.15,2.734529833906589,1.8962184114214653
CCCO,O,303.15,2.867324873684984,1.8962184114214653
CCCO,O,308.15,2.781344032409384,1.9015126620231404
CCCO,O,313.15,2.732300439436753,1.902625482291275
CCCO,O,313.15,2.828720915250768,1.902625482291275
CCCO,O,313.15,2.9412074475986603,1.902625482291275
CCCO,O,313.15,3.101901462147702,1.902625482291275
CCCO,O,318.15,2.876605210096751,1.900137838603941
CCCO,O,323.15,2.909384312818762,1.8945515975816167
CCCO,O,323.15,2.940526070556888,1.8945515975816167
CCCO,O,323.15,3.002817116677202,1.8945515975816167
CCCO,O,323.2,2.814426200981361,1.894481608585083
CCCO,O,328.15,2.927726414809666,1.8863012663440897
CCCO,O,333.15,2.735905287471564,1.8757638039657456
CCCO,O,333.15,2.9473715171758355,1.8757638039657456
CCCO,O,333.15,3.007794234731868,1.8757638039657456
CCCO,O,333.15,3.038001220733157,1.8757638039657456
CCCO,O,333.2,2.9006080764538105,1.8756480255183705
CCCO,O,358.15,2.9921157417794486,1.798870486799891
CCCO,O,363.15,2.9635086237581327,1.7801946134536302
CCCO,O,368.15,2.923510982036997,1.7608118327016102
CCCO,O,372.15,2.936608400051252,1.744882843882859
CCCO,O,373.15,2.8725528284364588,1.7408496213751647
CCCCO,O,283.15,3.639907148357732,1.3400814894215114
CCCCO,O,293.15,3.682934316754309,1.4793927951336303
CCCCO,O,293.15,3.837428761217175,1.4793927951336303
CCCCO,O,298.15,3.7833051519703096,1.5307386338135234
CCCCO,O,298.15,3.85081758998374,1.5307386338135234
CCCCO,O,298.15,3.884573696639933,1.5307386338135234
CCCCO,O,298.15,3.918329080277001,1.5307386338135234
CCCCO,O,298.15,3.935206186717125,1.5307386338135234
CCCCO,O,298.15,3.9520856717316857,1.5307386338135234
CCCCO,O,298.15,4.323402588495852,1.5307386338135234
CCCCO,O,298.2,3.983770479511387,1.5311993697787385
CCCCO,O,303.15,3.916154459207595,1.5721359370166477
CCCCO,O,303.15,3.9493534716513583,1.5721359370166477
CCCCO,O,308.15,3.65529681709681,1.604962402194953
CCCCO,O,308.15,4.030893449641484,1.604962402194953
CCCCO,O,308.15,4.063553684620665,1.604962402194953
CCCCO,O,313.15,3.887326542830363,1.6303933579353107
CCCCO,O,313.15,4.015883797061877,1.6303933579353107
CCCCO,O,313.15,4.064093236908465,1.6303933579353107
CCCCO,O,318.15,4.082843679885048,1.6494346847296797
CCCCO,O,323.15,4.041079149047413,1.6629498101592546
CCCCO,O,323.15,4.056651348513975,1.6629498101592546
CCCCO,O,323.15,4.072223349081951,1.6629498101592546
CCCCO,O,323.15,4.103368721736717,1.6629498101592546
CCCCO,O,323.15,4.118939609077481,1.6629498101592546
CCCCO,O,323.2,4.054848077714061,1.6630596595848246
CCCCO,O,323.23,4.349566715759945,1.66312534034838
CCCCO,O,328.15,4.12556056659712,1.6716819469793542
CCCCO,O,333.15,3.862330534302201,1.6762724928756874
CCCCO,O,333.15,4.073799959730392,1.6762724928756874
CCCCO,O,333.15,4.1342189078649625,1.6762724928756874
CCCCO,O,333.15,4.164428615930909,1.6762724928756874
CCCCO,O,333.15,4.194639268306023,1.6762724928756874
CCCCO,O,333.2,4.102297850808174,1.6762994263586457
CCCCO,O,343.15,4.083866525490008,1.675174519093338
CCCCO,O,343.15,4.15719102764046,1.675174519093338
CCCCO,O,343.15,4.215849551695928,1.675174519093338
CCCCO,O,353.15,3.830754379957693,1.6632719308606687
CCCCO,O,353.15,4.044495837975592,1.6632719308606687
CCCCO,O,353.15,4.129993197968359,1.6632719308606687
CCCCO,O,363.15,4.014971213810995,1.6433035486599057
CCCCO,O,372.15,4.021653790493495,1.6201727319633548
CCCCO,O,373.15,3.9807726473371816,1.617358092027988
CCCCO,O,390.15,3.8953589277284255,1.563883133672584
CCCCCO,O,283.15,5.069237480010352,1.3915469365460225
CCCCCO,O,293.15,5.234887563888255,1.6112401089100663
CCCCCO,O,298.15,5.165962424491233,1.693498062082706
CCCCCO,O,298.15,5.284111945625769,1.693498062082706
CCCCCO,O,298.15,5.317865059390406,1.693498062082706
CCCCCO,O,298.15,5.38537999222443,1.693498062082706
CCCCCO,O,298.2,5.146738377088596,1.6942415256779235
CCCCCO,O,303.15,5.351113780684867,1.760843288180535
CCCCCO,O,313.15,5.438566146920084,1.858904526225144
CCCCCO,O,323.15,5.468600079730235,1.9187612534772425
CCCCCO,O,333.15,5.280051557741144,1.950137500160693
CCCCCO,O,333.15,5.431102856055984,1.950137500160693
CCCCCO,O,333.2,5.278104455096822,1.950235734446388
CCCCCO,O,343.15,5.36109496316769,1.960209041212442
CCCCCO,O,343.2,5.197949920301946,1.9602154786484784
CCCCCO,O,353.15,5.346626462641822,1.9543271856583355
CCCCCO,O,363.15,5.230445295301202,1.936519098449416
CCCCCO,O,371.15,5.1504378153582255,1.9157641436988373
CCCCCO,O,373.15,5.101401833850708,1.9098390913541128
CC(Cl)(Cl)Cl,O,283.15,8.329489175141406,7.140941968819869
CC(Cl)(Cl)Cl,O,283.15,8.368586448863615,7.140941968819869
CC(Cl)(Cl)Cl,O,293.15,8.301918598480723,6.811360944124045
CC(Cl)(Cl)Cl,O,293.15,8.482160655591441,6.811360944124045
CC(Cl)(Cl)Cl,O,293.15,8.574856255676517,6.811360944124045
CC(Cl)(Cl)Cl,O,293.15,8.59888745759283,6.811360944124045
CC(Cl)(Cl)Cl,O,293.15,8.641802651704518,6.811360944124045
CC(Cl)(Cl)Cl,O,293.15,8.650385776652017,6.811360944124045
CC(Cl)(Cl)Cl,O,293.15,8.689866688335215,6.811360944124045
CC(Cl)(Cl)Cl,O,298.15,8.693578832134126,6.646616216928349
CC(Cl)(Cl)Cl,O,298.15,8.866409589425563,6.646616216928349
CC(Cl)(Cl)Cl,O,303.15,8.454500432477765,6.483246899842481
CC(Cl)(Cl)Cl,O,303.15,8.55575792022806,6.483246899842481
CC(Cl)(Cl)Cl,O,303.15,8.58895741914549,6.483246899842481
CC(Cl)(Cl)Cl,O,303.15,8.618836004975583,6.483246899842481
CC(Cl)(Cl)Cl,O,308.15,8.545815633078915,6.3219786969141865
CC(Cl)(Cl)Cl,O,308.15,8.68854311266956,6.3219786969141865
CC(Cl)(Cl)Cl,O,308.15,8.743249297123048,6.3219786969141865
CC(Cl)(Cl)Cl,O,313.15,8.523055971684613,6.163365029239992
CC(Cl)(Cl)Cl,O,313.15,8.592476900691537,6.163365029239992
CC(Cl)(Cl)Cl,O,313.15,8.604689284245495,6.163365029239992
CC(Cl)(Cl)Cl,O,314.25,8.90758391644303,6.128869831269016
CC(Cl)(Cl)Cl,O,323.15,8.597243899057775,5.855652931782247
CC(Cl)(Cl)Cl,O,323.15,8.670434314865334,5.855652931782247
CC(Cl)(Cl)Cl,O,323.15,8.681333805272844,5.855652931782247
CC(Cl)(Cl)Cl,O,324.45,8.856875982971689,5.816670444056762
CC(Cl)(Cl)Cl,O,333.15,8.572007081228586,5.56223713482588
CC(Cl)(Cl)Cl,O,334.65,8.883666573484904,5.519528876495
CC(Cl)(Cl)Cl,O,343.15,8.520567492055187,5.284084242083023
CC(Cl)(Cl)Cl,O,344.65,8.778576975369766,5.243698984667112
CC(Cl)(Cl)Cl,O,353.15,8.443331342817782,5.021422607729267
CI,O,293.15,6.776724756573179,7.438744032461859
CCBr,O,293.15,6.874570711591093,6.103655707028155
CCBr,O,298.15,6.518799144749717,5.929105873143772
S=C=S,O,278.15,7.648153344390628,10.63858651306528
S=C=S,O,283.15,7.468781500359941,10.270830411628715
S=C=S,O,283.15,7.674937929067553,10.270830411628715
S=C=S,O,288.15,7.712291765468034,9.921502302220652
S=C=S,O,293.15,7.644603505613177,9.589483352003157
S=C=S,O,293.15,7.757897661306674,9.589483352003157
S=C=S,O,293.15,8.094692803371588,9.589483352003157
S=C=S,O,295.15,7.550561343267984,9.461285183532866
S=C=S,O,298.15,7.817701929661205,9.27372510551904
S=C=S,O,298.65,7.374603936534571,9.243005282166015
S=C=S,O,303.15,7.67797460561694,8.973246488226785
S=C=S,O,303.15,7.905887714749933,8.973246488226785
S=C=S,O,304.05,7.475951294119252,8.920711285189823
S=C=S,O,308.15,8.031154484736899,8.687130442076754
S=C=S,O,309.75,7.6331082408783,8.598465164557318
S=C=S,O,310.9,7.570113300722202,8.535575948584103
S=C=S,O,315.35,7.806517276305329,8.298642616142411
S=C=S,O,322.35,8.080064026572584,7.945569165091849
CC(Cl)Cl,O,283.15,6.875611147655518,4.9843228105308
CC(Cl)Cl,O,283.15,7.000015357407435,4.9843228105308
CC(Cl)Cl,O,293.15,6.907165104863647,4.789258024435864
CC(Cl)Cl,O,293.15,6.953512276319866,4.789258024435864
CC(Cl)Cl,O,293.15,6.963814199712114,4.789258024435864
CC(Cl)Cl,O,293.15,6.9844107178711,4.789258024435864
CC(Cl)Cl,O,293.15,6.991278077953407,4.789258024435864
CC(Cl)Cl,O,293.15,7.003292705691201,4.789258024435864
CC(Cl)Cl,O,293.15,7.037624975773667,4.789258024435864
CC(Cl)Cl,O,298.15,6.992546693677877,4.689833569795388
CC(Cl)Cl,O,303.15,6.928616169649466,4.590152568741102
CC(Cl)Cl,O,303.15,6.9435566914455205,4.590152568741102
CC(Cl)Cl,O,303.15,6.958495920685321,4.590152568741102
CC(Cl)Cl,O,303.15,7.033197794672652,4.590152568741102
CC(Cl)Cl,O,303.15,7.043151182325747,4.590152568741102
CC(Cl)Cl,O,308.15,6.954467094404093,4.490781708521114
CC(Cl)Cl,O,308.15,7.024693513450019,4.490781708521114
CC(Cl)Cl,O,308.15,7.042653237430096,4.490781708521114
CC(Cl)Cl,O,308.15,7.125942568296098,4.490781708521114
CC(Cl)Cl,O,313.15,6.929154669988027,4.392171459250847
CC(Cl)Cl,O,313.15,6.9307586607471,4.392171459250847
CC(Cl)Cl,O,313.15,7.014320069210167,4.392171459250847
CC(Cl)Cl,O,318.15,6.899303664492333,4.294677601443047
CC(Cl)Cl,O,318.15,6.960992682364554,4.294677601443047
CC(Cl)Cl,O,323.15,6.855729084509972,4.198578652139336
CC(Cl)Cl,O,323.15,6.953837016769142,4.198578652139336
CC(Cl)Cl,O,323.15,6.9709647923800215,4.198578652139336
CC(Cl)Cl,O,323.15,6.991204485636411,4.198578652139336
CC(C)(C)O,O,303.15,2.667776667261007,1.2695949560422528
CC(C)(C)O,O,308.15,2.727355972960023,1.3102333749987105
CC(C)(C)O,O,313.15,2.820682215218756,1.3429543702368196
CC(C)(C)O,O,323.13,2.9623667850673123,1.3887136205210222
CC(C)(C)O,O,323.15,2.9928932473301275,1.3887827115748197
CC(C)(C)O,O,333.15,2.834483125777371,1.4139640036435748
CC(C)(C)O,O,333.15,3.076164136266113,1.4139640036435748
CC(C)(C)O,O,343.15,3.150849628857064,1.4236070996330463
CC(C)(C)O,O,353.15,3.231231182117564,1.42154099754564
CC(C)(C)O,O,363.15,3.260758376798577,1.4106602300405682
CC(C)(C)O,O,371.15,3.3027021349130563,1.3971088741807367
CC(C)(C)O,O,373.15,3.1619667916950145,1.3931692241677165
CCC(C)(C)C,O,298.15,12.212948949469606,7.351098811694946
CCC(C)(C)C,O,298.15,12.331096072842051,7.351098811694946
CCC(C)(C)C,O,298.15,12.466118840734527,7.351098811694946
CCC(C)C,O,293.15,11.354291918762012,7.848718209222024
CCC(C)C,O,293.2,11.30046835964856,7.846812550946774
CCC(C)C,O,298.15,11.293946977721712,7.657766715252205
CCC(C)C,O,298.15,11.327702503168558,7.657766715252205
CCC(C)C,O,313.15,11.145157795036267,7.090408023170159
CCC(C)C,O,323.15,10.92194129348817,6.725546347861243
CC(C)CO,O,283.15,3.4823533156231585,1.2937193644368716
CC(C)CO,O,293.15,3.701484673471332,1.4393618660030485
CC(C)CO,O,298.15,3.7171728930140566,1.4932558094722883
CC(C)CO,O,298.15,3.7509289426783776,1.4932558094722883
CC(C)CO,O,298.15,3.7846849657666377,1.4932558094722883
CC(C)CO,O,298.15,3.8015628419756062,1.4932558094722883
CC(C)CO,O,298.15,3.818441730206606,1.4932558094722883
CC(C)CO,O,303.15,3.8514212583500815,1.536861205732074
CC(C)CO,O,303.15,3.901220871894059,1.536861205732074
CC(C)CO,O,308.15,3.886130673462196,1.571599693851088
CC(C)CO,O,313.15,3.938518869232112,1.5986842842697304
CC(C)CO,O,323.15,3.999480616174016,1.6338982085232667
CC(C)CO,O,323.15,4.015054210346839,1.6338982085232667
CC(C)CO,O,323.15,4.030625260987809,1.6338982085232667
CC(C)CO,O,333.15,4.051482293312402,1.649180809488134
CC(C)CO,O,333.15,4.096798216216291,1.649180809488134
CC(C)CO,O,343.15,4.080355503341985,1.6495044140727706
CC(C)CO,O,353.15,4.045017754085049,1.6386067488232423
CC(C)CO,O,363.15,3.992047866788592,1.6193204921138633
CC(C)CO,O,371.15,3.962670491326278,1.599322323772925
CCC(C)O,O,283.15,2.807786932889746,1.5159373719723286
CCC(C)O,O,293.15,2.976534163500438,1.6479619537455417
CCC(C)O,O,293.15,3.062362355851754,1.6479619537455417
CCC(C)O,O,298.15,3.061018952251886,1.6956968064332003
CCC(C)O,O,298.15,3.162288542019541,1.6956968064332003
CCC(C)O,O,298.15,3.212922136787835,1.6956968064332003
CCC(C)O,O,303.15,3.2451476776070307,1.7335120886774544
CCC(C)O,O,303.15,3.477540948249489,1.7335120886774544
CCC(C)O,O,308.15,3.5077142285113063,1.7627904580789209
CCC(C)O,O,313.15,3.3949948523522764,1.7847117307781817
CCC(C)O,O,313.15,3.4110652008605054,1.7847117307781817
CCC(C)O,O,323.15,3.499203923014223,1.8103796694786325
CCC(C)O,O,323.15,3.514776035724366,1.8103796694786325
CCC(C)O,O,323.18,3.544925361944862,1.8104252541261696
CCC(C)O,O,333.15,3.455931748762207,1.8170098589151849
CCC(C)O,O,333.15,3.5616652090875087,1.8170098589151849
CCC(C)O,O,333.15,3.591875590837156,1.8170098589151849
CCC(C)O,O,333.55,3.820760423038219,1.816952026706467
CCC(C)O,O,343.15,3.615114500045861,1.8094354773379824
CCC(C)O,O,348.55,3.805802119758164,1.8007558209784356
CCC(C)O,O,353.15,3.63155220249228,1.7912867254910183
CCC(C)O,O,357.15,3.733224037028192,1.7817059309350525
CCC(C)O,O,363.15,3.6830298786583766,1.7653115186774404
CCC(C)O,O,371.15,3.6139080323718087,1.7403207297977297
CCC(C)O,O,373.15,3.53715208569436,1.7336034316015834
CCC(C)=O,O,297.85,3.2689603890356214,1.4556484345940055
CCC(C)=O,O,298.15,3.261720731920516,1.4571383648758245
CCC(C)=O,O,298.15,3.278600276947517,1.4571383648758245
CCC(C)=O,O,298.15,3.295477542196002,1.4571383648758245
CCC(C)=O,O,298.15,3.3461109374569,1.4571383648758245
CCC(C)=O,O,303.15,3.4096019640059656,1.4781402317185337
CCC(C)=O,O,303.25,3.4072159006542853,1.4784907581596032
CCC(C)=O,O,313.15,3.454491672719873,1.5016994308537184
CCC(C)=O,O,313.25,3.532544306740509,1.501829765125478
CCC(C)=O,O,323.15,3.6263043375688087,1.506421268045089
CCC(C)=O,O,323.25,3.592965842281121,1.5063923738207654
CCC(C)=O,O,333.15,3.626096724006106,1.4975295122886163
CCC(C)=O,O,333.15,3.6412032942112726,1.4975295122886163
CCC(C)=O,O,333.25,3.6693041009890255,1.497385700945467
CCC(C)=O,O,343.15,3.2924533706564416,1.47883709116765
CCC(C)=O,O,343.15,3.6883993388770593,1.47883709116765
CCC(C)=O,O,343.15,3.7030633848802927,1.47883709116765
CCC(C)=O,O,353.15,3.3657187249408667,1.4531495997374717
CCC(C)=O,O,353.15,3.693456463607043,1.4531495997374717
CCC(C)=O,O,353.15,3.7077061151138304,1.4531495997374717
CCC(C)=O,O,363.15,3.4100183621679334,1.4225450867657392
CCC(C)=O,O,373.15,3.4677494991531925,1.388570695333367
COC(C)=O,O,293.15,3.025810358420701,1.6596468545877756
COC(C)=O,O,293.15,3.094472926188603,1.6596468545877756
COC(C)=O,O,298.15,3.110648982997234,1.6577863753535056
COC(C)=O,O,298.15,3.2287984325648087,1.6577863753535056
COC(C)=O,O,303.15,3.19446837161604,1.6516883754595908
COC(C)=O,O,303.25,3.2585272144978226,1.651528319777578
COC(C)=O,O,313.25,3.3405623431248,1.6292567017456825
COC(C)=O,O,323.25,3.376440100314138,1.5973116174405693
COC(C)=O,O,333.25,3.430092533315644,1.5588849838087366
COC(C)=O,O,343.25,3.440744964464655,1.5162695249443097
CC(C)C(C)C,O,298.15,12.267515755822922,7.480640866650275
CC(C)C(C)C,O,298.15,12.436295082308677,7.480640866650275
CC(C)C(C)C,O,298.15,12.47005099128272,7.480640866650275
CC(C)C(C)C,O,313.25,12.434362929663914,6.989823968606166
CC(C)C(C)C,O,328.25,12.216191279051335,6.500009572230607
CCOC(=O)c1ccccc1C(=O)OCC,O,278.15,9.481168714855803,-1.1965519336416066
CCOC(=O)c1ccccc1C(=O)OCC,O,283.15,9.254070134837509,-0.6812820845269658
CCOC(=O)c1ccccc1C(=O)OCC,O,283.15,9.449561975902949,-0.6812820845269658
CCOC(=O)c1ccccc1C(=O)OCC,O,283.15,9.520651954675747,-0.6812820845269658
CCOC(=O)c1ccccc1C(=O)OCC,O,293.15,9.21460128139485,0.1118182790726494
CCOC(=O)c1ccccc1C(=O)OCC,O,293.15,9.28326550199074,0.1118182790726494
CCOC(=O)c1ccccc1C(=O)OCC,O,293.15,9.420593193698828,0.1118182790726494
CCOC(=O)c1ccccc1C(=O)OCC,O,293.15,9.454924424225217,0.1118182790726494
CCOC(=O)c1ccccc1C(=O)OCC,O,293.15,9.506422068606296,0.1118182790726494
CCOC(=O)c1ccccc1C(=O)OCC,O,293.15,9.540751419504431,0.1118182790726494
CCOC(=O)c1ccccc1C(=O)OCC,O,298.15,9.52311253898752,0.4152620203467436
CCOC(=O)c1ccccc1C(=O)OCC,O,303.15,9.128427249500296,0.6698589807298005
CCOC(=O)c1ccccc1C(=O)OCC,O,303.15,9.46042181822483,0.6698589807298005
CCOC(=O)c1ccccc1C(=O)OCC,O,303.15,9.543421149811246,0.6698589807298005
CCOC(=O)c1ccccc1C(=O)OCC,O,313.15,9.416988620761195,1.0620641313738233
CCOC(=O)c1ccccc1C(=O)OCC,O,313.15,9.497337209708268,1.0620641313738233
CCOC(=O)c1ccccc1C(=O)OCC,O,323.15,9.42179993051346,1.3356042026057635
c1ccc2ncccc2c1,O,293.5,7.026542254966188,0.4237676498904879
c1ccc2ncccc2c1,O,296.15,6.95226964828878,0.4931850908310078
c1ccc2ncccc2c1,O,313.2,7.013690629390806,0.8245713802298367
c1ccc2ncccc2c1,O,323.15,6.946427764963284,0.9487242619256218
CCOC(=O)c1ccccc1,O,298.15,9.021520949705929,4.2270272589661815
CCOC(=O)c1ccccc1,O,313.15,9.26343554201033,4.195894483888836
CCOC(=O)c1ccccc1,O,323.15,9.19085373474988,4.121178031630022
CCOC(=O)c1ccccc1,O,333.25,9.05130243560918,4.019360089253789
CCOC(=O)c1ccccc1,O,343.65,8.973669487457002,3.8972372658214
CCOC(=O)c1ccccc1,O,353.35,8.937349848267392,3.774059824680072
CCOC(=O)c1ccccc1,O,363.45,8.740989329749212,3.640941643994391
CCC(C)CC,O,298.15,12.49604459421306,7.559669084469082
CCC(C)CC,O,298.15,12.799849665707075,7.559669084469082
CCC(C)CC,O,298.15,12.833606060417612,7.559669084469082
CCC(C)CC,O,298.3,12.859420745714756,7.554831132156272
CCC(C)CC,O,324.5,12.685584057223926,6.687710083051019
CCC(C)CC,O,351.2,12.238046006106298,5.849733403740031
CC1CCCC1,O,298.15,11.6034514916696,8.13328720939889
CC1CCCC1,O,298.15,11.620325898579935,8.13328720939889
CC(C)c1ccccc1,O,288.15,11.6362044811304,5.310232217832711
CC(C)c1ccccc1,O,295.15,11.575750018103465,5.2798239987007785
CC(C)c1ccccc1,O,298.15,11.508356041035851,5.256747653359028
CC(C)c1ccccc1,O,298.15,11.51341534495943,5.256747653359028
CC(C)c1ccccc1,O,298.15,11.56911674461997,5.256747653359028
CC(C)c1ccccc1,O,298.15,11.781783980679798,5.256747653359028
CC(C)c1ccccc1,O,298.15,11.815538020960338,5.256747653359028
CC(C)c1ccccc1,O,305.3,11.350035878552369,5.1830507247682265
CC(C)c1ccccc1,O,308.15,11.499749035853595,5.147688798872647
CC(C)c1ccccc1,O,312.7,11.288327105936256,5.085664604596108
CC(C)c1ccccc1,O,318.15,11.36973615587814,5.004114747931594
CC(C)c1ccccc1,O,323.8,11.116402754178273,4.91327411970625
CC(=O)c1ccccc1,O,293.05,7.015191638584303,1.8504386387730325
CCc1ccccc1,O,273.2,10.342741983800368,6.293673448789322
CCc1ccccc1,O,273.65,10.464245545050328,6.29058474127538
CCc1ccccc1,O,277.65,10.31154596179689,6.255053896348391
CCc1ccccc1,O,278.15,10.464753406934229,6.249671837257693
CCc1ccccc1,O,278.2,10.389604413581337,6.249122984721087
CCc1ccccc1,O,279.45,10.338424080427323,6.234791190376164
CCc1ccccc1,O,280.25,10.366321793022273,6.225024049989798
CCc1ccccc1,O,280.25,10.402236546476658,6.225024049989798
CCc1ccccc1,O,282.15,10.35193871190375,6.200086628015908
CCc1ccccc1,O,283.15,10.244499469199372,6.186037991500247
CCc1ccccc1,O,283.15,10.386678841085438,6.186037991500247
CCc1ccccc1,O,283.2,10.419506666753472,6.185319671789176
CCc1ccccc1,O,284.95,10.395848753211151,6.159270308465726
CCc1ccccc1,O,285.25,10.379755892439691,6.154633776896763
CCc1ccccc1,O,285.65,10.07649503435654,6.1483772140312976
CCc1ccccc1,O,288.15,10.41842570823824,6.107449876008173
CCc1ccccc1,O,288.15,10.476056231262495,6.107449876008173
CCc1ccccc1,O,288.15,10.538926167950644,6.107449876008173
CCc1ccccc1,O,288.15,10.64720188890881,6.107449876008173
CCc1ccccc1,O,288.2,10.454195209196826,6.106600909914962
CCc1ccccc1,O,288.25,10.395680664154115,6.105750806258206
CCc1ccccc1,O,290.09,10.43112309461458,6.073703165021778
CCc1ccccc1,O,291.05,10.374081632431563,6.056422383411578
CCc1ccccc1,O,293.15,10.252170646545308,6.017398668549177
CCc1ccccc1,O,293.15,10.37404727713218,6.017398668549177
CCc1ccccc1,O,293.2,10.460726231671511,6.016450270981539
CCc1ccccc1,O,293.25,10.396365068321476,6.015501015088926
CCc1ccccc1,O,297.65,10.439454468708451,5.928885646403707
CCc1ccccc1,O,298.15,10.231974419360242,5.918694070990258
CCc1ccccc1,O,298.15,10.252227094288823,5.918694070990258
CCc1ccccc1,O,298.15,10.33493224960324,5.918694070990258
CCc1ccccc1,O,298.15,10.383877679876507,5.918694070990258
CCc1ccccc1,O,298.15,10.38893998216866,5.918694070990258
CCc1ccccc1,O,298.15,10.39569288976555,5.918694070990258
CCc1ccccc1,O,298.15,10.414258174789564,5.918694070990258
CCc1ccccc1,O,298.15,10.415945842776576,5.918694070990258
CCc1ccccc1,O,298.15,10.42776035634241,5.918694070990258
CCc1ccccc1,O,298.15,10.453076092374612,5.918694070990258
CCc1ccccc1,O,298.15,10.45813961296267,5.918694070990258
CCc1ccccc1,O,298.15,10.48345763629895,5.918694070990258
CCc1ccccc1,O,298.15,10.50708741605412,5.918694070990258
CCc1ccccc1,O,298.15,10.566160061574273,5.918694070990258
CCc1ccccc1,O,298.15,10.571224613158858,5.918694070990258
CCc1ccccc1,O,298.15,10.599916841082214,5.918694070990258
CCc1ccccc1,O,298.15,10.60835577254677,5.918694070990258
CCc1ccccc1,O,298.15,10.714686621497208,5.918694070990258
CCc1ccccc1,O,299.9,10.392328269565343,5.882536294569448
CCc1ccccc1,O,303.15,10.45676903533851,5.8136007522092426
CCc1ccccc1,O,303.2,10.434392235975585,5.812524058141719
CCc1ccccc1,O,308.15,10.316854690540149,5.703945728512194
CCc1ccccc1,O,308.15,10.40994063064236,5.703945728512194
CCc1ccccc1,O,308.15,10.437700547191133,5.703945728512194
CCc1ccccc1,O,308.2,10.401012107992988,5.702831388795689
CCc1ccccc1,O,309.71,10.335678976215885,5.669040536423104
CCc1ccccc1,O,311.5,10.351753495966989,5.628671243734463
CCc1ccccc1,O,313.15,10.443492294822436,5.591203305476147
CCc1ccccc1,O,313.2,10.349566633529548,5.590064522917408
CCc1ccccc1,O,313.2,10.35599208681672,5.590064522917408
CCc1ccccc1,O,313.45,10.291372362145202,5.584367828453644
CCc1ccccc1,O,318.15,10.211920332126097,5.476562593548429
CCc1ccccc1,O,318.15,10.31314718464914,5.476562593548429
CCc1ccccc1,O,318.15,10.34478301764512,5.476562593548429
CCc1ccccc1,O,318.2,10.310877473669256,5.47541001120597
CCc1ccccc1,O,319.65,10.23752468383636,5.441948667849034
CCc1ccccc1,O,323.15,10.307368072514054,5.360981414747999
CCc1ccccc1,O,323.2,10.25641648894146,5.359823596795651
CCc1ccccc1,O,328.15,10.211067835951118,5.245229525582706
CCc1ccccc1,O,329.89,10.132966989667842,5.205024990756276
CCc1ccccc1,O,333.15,10.113002657014212,5.129923410703588
CCc1ccccc1,O,339.8,9.988816264638904,4.978087109527733
CCc1ccccc1,O,343.13,9.970197152675164,4.902960534180275
N#Cc1ccccc1,O,283.15,7.468513271496337,1.8412088941293248
N#Cc1ccccc1,O,293.15,7.254142485152389,1.9314626543010625
N#Cc1ccccc1,O,298.15,7.459310092962196,1.9583952561405995
N#Cc1ccccc1,O,308.65,7.296019971103547,1.9857209539396303
N#Cc1ccccc1,O,313.15,7.130834828248259,1.987849478529032
N#Cc1ccccc1,O,323.15,7.279918655486588,1.9772601306681172
N#Cc1ccccc1,O,330.15,7.172248045811186,1.9601004368941224
N#Cc1ccccc1,O,333.15,7.184477511197576,1.9508282193762236
COc1ccccc1,O,283.35,7.838702083999593,4.050729698474572
COc1ccccc1,O,293.15,8.00241978540215,4.011339732806103
COc1ccccc1,O,293.16,8.362427655937312,4.011277805784429
COc1ccccc1,O,298.15,7.9605539691107,3.97594650837588
COc1ccccc1,O,302.85,8.084778174941475,3.935664763860109
COc1ccccc1,O,308.15,8.115302686793637,3.883776014490989
COc1ccccc1,O,313.05,8.099523914469167,3.8310116193079735
COc1ccccc1,O,322.9,7.96314338462856,3.7150560145593214
COc1ccccc1,O,323.35,8.022988668666482,3.709523374935782
COc1ccccc1,O,333.35,7.772900074032135,3.583179832526453
COc1ccccc1,O,343.35,7.77749094698817,3.453100463442548
COc1ccccc1,O,354.35,7.62478498800533,3.3093118631879115
CCCCc1ccccc1,O,273.65,13.345666915919905,5.383351882914583
CCCCc1ccccc1,O,278.15,13.350983107046067,5.4857173727463415
CCCCc1ccccc1,O,288.15,13.371876183738609,5.592452206771294
CCCCc1ccccc1,O,298.15,12.930498023111324,5.581831030322112
CCCCc1ccccc1,O,298.15,12.976067434867115,5.581831030322112
CCCCc1ccccc1,O,298.15,13.17016448118618,5.581831030322112
CCCCc1ccccc1,O,298.15,13.22923914448866,5.581831030322112
CCCCc1ccccc1,O,298.15,13.295063799154228,5.581831030322112
CCCCc1ccccc1,O,298.15,13.34063427660746,5.581831030322112
CCCCc1ccccc1,O,303.15,12.99314268036689,5.546257672402112
CCCCc1ccccc1,O,308.15,13.134823427562818,5.4958334353985325
CCCCc1ccccc1,O,313.15,12.932910855607563,5.433638052234285
CCCCc1ccccc1,O,318.15,12.93340383787019,5.362188922597498
CCCCc1ccccc1,O,323.15,12.802315125713276,5.28354773153899
CCCCc1ccccc1,O,328.15,12.756754357479052,5.199405452434126
Cc1ccc(C)cc1,O,288.15,10.414744083448298,6.010077133907249
Cc1ccc(C)cc1,O,288.15,10.524768093432897,6.010077133907249
Cc1ccc(C)cc1,O,293.15,10.498230521708756,5.922181916463705
Cc1ccc(C)cc1,O,295.15,10.49286184537868,5.884380775172173
Cc1ccc(C)cc1,O,298.15,10.285516841291672,5.825350222865753
Cc1ccc(C)cc1,O,298.15,10.295644498580554,5.825350222865753
Cc1ccc(C)cc1,O,298.15,10.359782014094554,5.825350222865753
Cc1ccc(C)cc1,O,298.15,10.363156714657803,5.825350222865753
Cc1ccc(C)cc1,O,298.15,10.3648445320171,5.825350222865753
Cc1ccc(C)cc1,O,298.15,10.40704079653501,5.825350222865753
Cc1ccc(C)cc1,O,298.15,10.474551841293858,5.825350222865753
Cc1ccc(C)cc1,O,298.15,10.47792720773074,5.825350222865753
Cc1ccc(C)cc1,O,298.15,10.504933283983362,5.825350222865753
Cc1ccc(C)cc1,O,298.15,10.528561973890245,5.825350222865753
Cc1ccc(C)cc1,O,298.15,10.533625708348996,5.825350222865753
Cc1ccc(C)cc1,O,298.15,10.552191606851585,5.825350222865753
Cc1ccc(C)cc1,O,303.15,10.4584955982562,5.721897431381271
Cc1ccc(C)cc1,O,303.2,10.321605606767609,5.720836114857074
Cc1ccc(C)cc1,O,308.15,10.477386562152976,5.613691556750742
Cc1ccc(C)cc1,O,313.15,10.129343422187096,5.502240170983672
Cc1ccc(C)cc1,O,313.15,10.354314733394745,5.502240170983672
Cc1ccc(C)cc1,O,316.15,10.044348890354588,5.434327818253196
Cc1ccc(C)cc1,O,318.15,10.424908843435484,5.388759467348579
Cc1ccc(C)cc1,O,323.15,10.27725901457775,5.274229384801935
Cc1ccc(C)cc1,O,323.2,10.15936157007305,5.273081592031875
Cc1ccc(C)cc1,O,333.15,10.11775987056191,5.045016051149125
Cc1ccc(C)cc1,O,343.15,9.939756799008965,4.819191875795456
ClCCCl,O,283.15,6.547552691648056,5.133131881535087
ClCCCl,O,293.15,6.3909015224778045,4.900559339195184
ClCCCl,O,293.15,6.459566369064121,4.900559339195184
ClCCCl,O,293.15,6.476730795253032,4.900559339195184
ClCCCl,O,293.15,6.511063076160361,4.900559339195184
ClCCCl,O,298.15,6.234710680727369,4.785720705916431
ClCCCl,O,298.15,6.454125660942104,4.785720705916431
ClCCCl,O,298.15,6.471003817274504,4.785720705916431
ClCCCl,O,298.15,6.504759619274865,4.785720705916431
ClCCCl,O,298.45,6.494324025222747,4.778876927696429
ClCCCl,O,303.15,6.417255021677392,4.6724626517144205
ClCCCl,O,303.15,6.483653074083149,4.6724626517144205
ClCCCl,O,308.15,6.3993966097799335,4.561114038632396
ClCCCl,O,308.15,6.415726875299052,4.561114038632396
ClCCCl,O,313.15,6.383499878104422,4.451922182866732
ClCCCl,O,313.15,6.415638547347124,4.451922182866732
ClCCCl,O,323.15,6.325804154147583,4.240682365767784
CCC#N,O,298.15,3.5572262965011863,1.950430622128721
CCC#N,O,298.15,3.59098268196201,1.950430622128721
CCC#N,O,303.15,3.651312572626838,1.9255554262734047
CCC#N,O,333.15,3.514802814385345,1.7540722430877855
CCC#N,O,373.15,3.363201251734011,1.5188376957429237
COC=O,O,293.15,2.811563010802248,2.782837164483168
COC=O,O,298.15,2.740233388346137,2.7381148193500207
COC=O,O,298.15,2.90901358100082,2.7381148193500207
COC=O,O,303.15,2.854997858480499,2.6932618861730475
COC=O,O,303.25,2.9193262783513654,2.6923649757943977
COC=O,O,313.15,2.642786083449813,2.603946719538386
COC=O,O,313.25,2.946137535802022,2.603059412465893
COC=O,O,323.25,2.9594209240948355,2.515239742170687
COC=O,O,333.25,2.975116215512708,2.429685497414771
CCCC(C)C,O,298.15,12.623242320496956,7.467393015227113
CCCC(C)C,O,298.15,12.7245092322975,7.467393015227113
CCCC(C)C,O,298.15,12.758266674506904,7.467393015227113
CCCC(C)C,O,298.15,12.808898431577154,7.467393015227113
CCCC(C)C,O,313.25,12.763486009910396,6.986040086465378
CCCC(C)C,O,328.85,12.631598517549037,6.483067974711172
CCCC(C)=O,O,298.15,4.556760099579956,2.1688366109920136
CCCC(C)=O,O,298.15,4.607397703228442,2.1688366109920136
CCCC(C)=O,O,298.15,4.624276492477826,2.1688366109920136
CCCC(C)=O,O,303.25,4.655682675626935,2.189578111998625
CCCC(C)=O,O,313.25,4.790753085484417,2.204351449770422
CC(C)CC(C)C,O,298.15,13.827962707153512,7.144457860117796
CC(C)CC(C)C,O,298.15,14.047375963090351,7.144457860117796
CC(C)CC(C)C,O,298.15,14.131765509902245,7.144457860117796
CC(C)OC(C)C,O,283.15,5.923830573329744,3.5748946501302283
CC(C)OC(C)C,O,293.15,6.267025960246684,3.702019426523063
CC(C)OC(C)C,O,296.15,6.456962729553847,3.721558764702524
CC(C)OC(C)C,O,298.15,6.204874883997546,3.730698125034877
CC(C)OC(C)C,O,298.15,6.390532570766044,3.730698125034877
CC(C)OC(C)C,O,298.15,6.42428862860424,3.730698125034877
CC(C)OC(C)C,O,298.15,6.441166612109197,3.730698125034877
Brc1ccccc1,O,282.05,9.836182541525217,5.497588567654848
Brc1ccccc1,O,283.15,10.097894123820392,5.4801273802857455
Brc1ccccc1,O,288.15,9.83480713223122,5.3957455146276905
Brc1ccccc1,O,293.15,9.840297455199751,5.304734808131618
Brc1ccccc1,O,293.15,10.011956232841824,5.304734808131618
Brc1ccccc1,O,298.15,9.813847268450926,5.208904630996635
Brc1ccccc1,O,298.15,9.83072329258129,5.208904630996635
Brc1ccccc1,O,298.15,10.067016971317598,5.208904630996635
Brc1ccccc1,O,303.15,9.740374328833472,5.109714385426246
Brc1ccccc1,O,303.15,9.873172664533769,5.109714385426246
Brc1ccccc1,O,303.15,9.889773949448369,5.109714385426246
Brc1ccccc1,O,303.15,9.906373384514586,5.109714385426246
Brc1ccccc1,O,307.65,9.6778408710038,5.018548063659955
Brc1ccccc1,O,308.15,9.834400033713116,5.0083411131604745
Brc1ccccc1,O,313.15,9.750371337465657,4.905733315038857
Brc1ccccc1,O,323.15,9.577729711232116,4.699715161183801
CC1CCCCC1,O,298.15,12.741398668292735,7.8602244501217955
CC1CCCCC1,O,298.15,12.859545610119978,7.8602244501217955
CC1CCCCC1,O,299.25,12.732524540687162,7.822525379007677
CC1CCCCC1,O,310.93,12.859233419868705,7.416566802222477
CC1CCCCC1,O,313.25,12.62812279174118,7.335624586902122
CC1CCCCC1,O,328.85,12.57422694878184,6.799660971565334
Cc1ccccc1,O,273.2,9.081026359403577,6.374968364377108
Cc1ccccc1,O,273.35,9.110348751307235,6.372240779836021
Cc1ccccc1,O,273.65,9.113736956302716,6.366750062280758
Cc1ccccc1,O,277.65,9.044204320337174,6.289376272883389
Cc1ccccc1,O,278.15,9.14656635852812,6.27920851097327
Cc1ccccc1,O,278.16,9.00134870863888,6.279004129585743
Cc1ccccc1,O,278.2,9.107944346760144,6.278186206082309
Cc1ccccc1,O,279.45,9.047344858341992,6.252313572378858
Cc1ccccc1,O,280.25,9.080740668693124,6.235450529103762
Cc1ccccc1,O,282.15,9.079259688195805,6.194523303841168
Cc1ccccc1,O,283.15,8.800803987457876,6.172524259771143
Cc1ccccc1,O,283.15,8.818575485776252,6.172524259771143
Cc1ccccc1,O,283.15,9.085158028837856,6.172524259771143
Cc1ccccc1,O,283.15,9.138474806824464,6.172524259771143
Cc1ccccc1,O,283.2,9.13609623670653,6.171416529924903
Cc1ccccc1,O,284.15,9.392161803728454,6.150235040719123
Cc1ccccc1,O,284.95,9.106477622994536,6.13220746778933
Cc1ccccc1,O,285.25,9.092388697101006,6.125404278670812
Cc1ccccc1,O,285.65,8.879878834853354,6.116298247815472
Cc1ccccc1,O,288.06,8.997142201007838,6.0606449537400575
Cc1ccccc1,O,288.15,9.115261265472366,6.058542171955366
Cc1ccccc1,O,288.15,9.150189013153147,6.058542171955366
Cc1ccccc1,O,288.15,9.167652053623216,6.058542171955366
Cc1ccccc1,O,288.15,9.220043147437568,6.058542171955366
Cc1ccccc1,O,288.15,9.364990926845092,6.058542171955366
Cc1ccccc1,O,288.2,9.130408241522094,6.057373246677064
Cc1ccccc1,O,288.25,9.110636052063375,6.056203814430634
Cc1ccccc1,O,288.5,8.907221089912099,6.050349115850588
Cc1ccccc1,O,289.15,9.300647146507275,6.035069514574934
Cc1ccccc1,O,291.05,9.086466197944697,5.989964055741792
Cc1ccccc1,O,292.6,8.896032285784635,5.952730846679251
Cc1ccccc1,O,292.95,8.760242894079592,5.944274660666277
Cc1ccccc1,O,293.0,9.055169672105311,5.94306525275662
Cc1ccccc1,O,293.06,8.961467389510952,5.941613513735604
Cc1ccccc1,O,293.15,8.837292113919505,5.939434991290499
Cc1ccccc1,O,293.15,8.854459398473775,5.939434991290499
Cc1ccccc1,O,293.15,8.957453851462736,5.939434991290499
Cc1ccccc1,O,293.15,9.12568077284239,5.939434991290499
Cc1ccccc1,O,293.15,9.341973714442616,5.939434991290499
Cc1ccccc1,O,293.2,9.137154436154749,5.938224230046499
Cc1ccccc1,O,293.25,9.112587511254462,5.937013134328051
Cc1ccccc1,O,294.15,9.04309263219944,5.91515795151618
Cc1ccccc1,O,294.15,9.18337505374573,5.91515795151618
Cc1ccccc1,O,294.15,9.376693441755052,5.91515795151618
Cc1ccccc1,O,294.15,9.475914862764256,5.91515795151618
Cc1ccccc1,O,295.15,9.18448908838575,5.890758523652468
Cc1ccccc1,O,295.7,9.098592835993506,5.877290869830523
Cc1ccccc1,O,296.15,9.25363929637133,5.866248240399198
Cc1ccccc1,O,298.15,9.01099391044024,5.816938718193627
Cc1ccccc1,O,298.15,9.026184333549264,5.816938718193627
Cc1ccccc1,O,298.15,9.031248394472314,5.816938718193627
Cc1ccccc1,O,298.15,9.039687273169696,5.816938718193627
Cc1ccccc1,O,298.15,9.0666916859896,5.816938718193627
Cc1ccccc1,O,298.15,9.073443321875358,5.816938718193627
Cc1ccccc1,O,298.15,9.085257759112876,5.816938718193627
Cc1ccccc1,O,298.15,9.090321839457612,5.816938718193627
Cc1ccccc1,O,298.15,9.092009436249963,5.816938718193627
Cc1ccccc1,O,298.15,9.100448494075064,5.816938718193627
Cc1ccccc1,O,298.15,9.103823632593691,5.816938718193627
Cc1ccccc1,O,298.15,9.108886659260149,5.816938718193627
Cc1ccccc1,O,298.15,9.117326653285389,5.816938718193627
Cc1ccccc1,O,298.15,9.125765660268652,5.816938718193627
Cc1ccccc1,O,298.15,9.127453205997451,5.816938718193627
Cc1ccccc1,O,298.15,9.129141162478808,5.816938718193627
Cc1ccccc1,O,298.15,9.130828440082924,5.816938718193627
Cc1ccccc1,O,298.15,9.134204190549726,5.816938718193627
Cc1ccccc1,O,298.15,9.140954923440944,5.816938718193627
Cc1ccccc1,O,298.15,9.144330902858217,5.816938718193627
Cc1ccccc1,O,298.15,9.16458435013798,5.816938718193627
Cc1ccccc1,O,298.15,9.169648577312891,5.816938718193627
Cc1ccccc1,O,298.15,9.178086772026672,5.816938718193627
Cc1ccccc1,O,298.15,9.193277627769948,5.816938718193627
Cc1ccccc1,O,298.15,9.201716291264368,5.816938718193627
Cc1ccccc1,O,298.15,9.206780041514758,5.816938718193627
Cc1ccccc1,O,298.15,9.213535262872702,5.816938718193627
Cc1ccccc1,O,298.15,9.233783423702649,5.816938718193627
Cc1ccccc1,O,298.15,9.235471912613788,5.816938718193627
Cc1ccccc1,O,298.15,9.237157555335209,5.816938718193627
Cc1ccccc1,O,298.15,9.33674392177802,5.816938718193627
Cc1ccccc1,O,298.16,9.005494639831529,5.816691307640614
Cc1ccccc1,O,301.8,8.800730184885747,5.7261844252588405
Cc1ccccc1,O,302.5,9.173872426479,5.708696298839964
Cc1ccccc1,O,302.6,9.184515768926298,5.7061963167102725
Cc1ccccc1,O,302.85,8.7649528645906,5.699944649698679
Cc1ccccc1,O,302.9,9.164904625451886,5.69869403086161
Cc1ccccc1,O,303.0,9.459533663347038,5.696192515704413
Cc1ccccc1,O,303.15,8.823796620606405,5.692439564076771
Cc1ccccc1,O,303.15,8.951613683499803,5.692439564076771
Cc1ccccc1,O,303.15,9.0561921921458,5.692439564076771
Cc1ccccc1,O,303.15,9.076111593377435,5.692439564076771
Cc1ccccc1,O,303.15,9.104330756809954,5.692439564076771
Cc1ccccc1,O,303.15,9.105990456600937,5.692439564076771
Cc1ccccc1,O,303.2,9.098866764946992,5.691188403098122
Cc1ccccc1,O,305.35,9.03058192760138,5.637318889996309
Cc1ccccc1,O,308.15,9.062350674262396,5.567042691474604
Cc1ccccc1,O,308.15,9.06888279282118,5.567042691474604
Cc1ccccc1,O,308.15,9.081947753207606,5.567042691474604
Cc1ccccc1,O,308.15,9.08521356169547,5.567042691474604
Cc1ccccc1,O,308.15,9.17503024251354,5.567042691474604
Cc1ccccc1,O,308.15,9.289345618596135,5.567042691474604
Cc1ccccc1,O,308.2,9.071694206889964,5.565787328459789
Cc1ccccc1,O,308.26,8.938592014312718,5.56428089342494
Cc1ccccc1,O,308.95,9.058381954052496,5.546957360672708
Cc1ccccc1,O,312.4,9.11663829847554,5.460411222021483
Cc1ccccc1,O,313.15,8.828794406676037,5.441626805520208
Cc1ccccc1,O,313.15,8.840043063513251,5.441626805520208
Cc1ccccc1,O,313.15,8.875396167319272,5.441626805520208
Cc1ccccc1,O,313.15,8.894679861183063,5.441626805520208
Cc1ccccc1,O,313.15,8.991097951346903,5.441626805520208
Cc1ccccc1,O,313.15,9.005559686508679,5.441626805520208
Cc1ccccc1,O,313.15,9.03769980283508,5.441626805520208
Cc1ccccc1,O,313.2,9.029238071586958,5.440375039186434
Cc1ccccc1,O,313.25,8.999895845639381,5.439123342369566
Cc1ccccc1,O,318.15,8.86183057375042,5.316887695036176
Cc1ccccc1,O,318.15,8.985202332993122,5.316887695036176
Cc1ccccc1,O,318.15,9.02474546360775,5.316887695036176
Cc1ccccc1,O,318.15,9.086432241164882,5.316887695036176
Cc1ccccc1,O,318.2,8.987966524364063,5.315645683778163
Cc1ccccc1,O,318.25,8.952781343845938,5.314403796446596
Cc1ccccc1,O,318.46,8.938173316770946,5.309189233734944
Cc1ccccc1,O,323.15,8.87027247872259,5.193373098683459
Cc1ccccc1,O,323.15,8.887402728129342,5.193373098683459
Cc1ccccc1,O,323.15,8.971492907150653,5.193373098683459
Cc1ccccc1,O,323.2,8.93219006094142,5.192145672006407
Cc1ccccc1,O,328.15,8.873587095867073,5.071510727915605
Cc1ccccc1,O,329.6,8.852998062541484,5.036528994142774
Cc1ccccc1,O,333.15,8.716360393562175,4.951630866965987
Cc1ccccc1,O,333.15,8.740528724300805,4.951630866965987
Cc1ccccc1,O,333.15,8.791885764416985,4.951630866965987
Cc1ccccc1,O,333.15,8.84626381786314,4.951630866965987
Cc1ccccc1,O,345.8,8.697738171031087,4.658718506416308
Clc1ccccc1,O,281.75,9.282716845951756,5.876257452688577
Clc1ccccc1,O,283.15,9.462366768969428,5.846567505494782
Clc1ccccc1,O,283.15,9.569000344441529,5.846567505494782
Clc1ccccc1,O,288.15,9.340139809511028,5.736902739912804
Clc1ccccc1,O,290.55,9.31210242091172,5.682640761980142
Clc1ccccc1,O,292.55,9.320977939471694,5.636801833228091
Clc1ccccc1,O,293.15,9.447268478261009,5.622955580323853
Clc1ccccc1,O,293.15,9.464439807410836,5.622955580323853
Clc1ccccc1,O,293.15,9.48160338639967,5.622955580323853
Clc1ccccc1,O,293.15,9.60176740578042,5.622955580323853
Clc1ccccc1,O,294.15,9.348744871703682,5.5997921500564125
Clc1ccccc1,O,294.15,9.382956651222289,5.5997921500564125
Clc1ccccc1,O,295.65,9.312978184439327,5.564864948828111
Clc1ccccc1,O,297.35,9.285503501541193,5.525054507627878
Clc1ccccc1,O,298.15,8.961995672539324,5.506249507603371
Clc1ccccc1,O,298.15,9.198289045576756,5.506249507603371
Clc1ccccc1,O,298.15,9.265803460675327,5.506249507603371
Clc1ccccc1,O,298.15,9.417704073762875,5.506249507603371
Clc1ccccc1,O,298.15,9.58648651574606,5.506249507603371
Clc1ccccc1,O,298.15,9.670874304845492,5.506249507603371
Clc1ccccc1,O,298.2,8.95976652653895,5.505072855188631
Clc1ccccc1,O,301.85,9.249589930867268,5.418836121933509
Clc1ccccc1,O,302.15,9.236173797007153,5.411724494581938
Clc1ccccc1,O,303.15,9.224923519100926,5.38800111486823
Clc1ccccc1,O,303.15,9.424120220337429,5.38800111486823
Clc1ccccc1,O,303.15,9.444036053224185,5.38800111486823
Clc1ccccc1,O,303.15,9.44735526977601,5.38800111486823
Clc1ccccc1,O,303.15,9.455652377261345,5.38800111486823
Clc1ccccc1,O,303.15,9.477232830220409,5.38800111486823
Clc1ccccc1,O,308.25,9.166425056401016,5.266803425991085
Clc1ccccc1,O,313.15,8.910986447703975,5.150556998213161
Clc1ccccc1,O,313.15,9.076502646722323,5.150556998213161
Clc1ccccc1,O,313.15,9.110248176538928,5.150556998213161
O=C1CCCCC1,O,333.15,4.690273911233281,1.360655869816217
O=C1CCCCC1,O,343.15,4.668069864957137,1.3740862209400142
O=C1CCCCC1,O,353.15,4.666133573946208,1.374588649032306
Oc1ccccc1,O,323.15,3.902893457640381,1.588355292021048
Oc1ccccc1,O,333.15,3.8408341531107086,1.613736071678753
Oc1ccccc1,O,343.18,3.745618891306538,1.6237653165365726
Oc1ccccc1,O,347.7,3.638172829707157,1.624239998918728
Oc1ccccc1,O,349.05,3.69922574616808,1.623960091974964
Oc1ccccc1,O,349.25,3.736526107581289,1.6239030090554087
Oc1ccccc1,O,353.12,3.5947857840614805,1.6220424967878946
Oc1ccccc1,O,356.34,3.6447394611197352,1.619467814716433
Oc1ccccc1,O,357.8,3.561369893807908,1.6180160531209016
Oc1ccccc1,O,361.85,3.6031064009938127,1.6131306931803375
Oc1ccccc1,O,361.99,3.5436629124232213,1.6129403901308823
Oc1ccccc1,O,363.14,3.5124584547409388,1.6113255936241575
Oc1ccccc1,O,365.4,3.424422250977492,1.607892687479456
Oc1ccccc1,O,366.86,3.482045918414364,1.6055001022170157
Oc1ccccc1,O,371.65,3.533943466012837,1.5967591391259162
Oc1ccccc1,O,373.15,3.630177202110063,1.5937605539315798
CCCOC(C)=O,O,273.35,5.125908516137082,1.646479993271849
CCCOC(C)=O,O,283.15,5.365527316240767,1.8748560728074564
CCCOC(C)=O,O,293.15,5.539540492928713,2.017813204675521
CCCOC(C)=O,O,293.15,5.608203592087855,2.017813204675521
CCCOC(C)=O,O,298.15,5.482033783405554,2.064055403403521
CCCOC(C)=O,O,298.15,5.549542901989202,2.064055403403521
CCCOC(C)=O,O,298.15,5.583300800949484,2.064055403403521
CCCOC(C)=O,O,298.15,5.6001796725736375,2.064055403403521
CCCOC(C)=O,O,298.15,5.701446414858653,2.064055403403521
CCCOC(C)=O,O,303.15,5.627700247250142,2.097062042224841
CCCOC(C)=O,O,303.15,5.74390022125209,2.097062042224841
CCCOC(C)=O,O,303.25,5.690656707437273,2.097602462939335
CCCOC(C)=O,O,308.15,5.786955661876955,2.1189671635470946
CCCOC(C)=O,O,313.15,5.701964155849417,2.1315551840270133
CCCOC(C)=O,O,313.25,5.779025992310212,2.131722619189014
CCCOC(C)=O,O,323.15,5.763104287401009,2.134528970798052
CCCOC(C)=O,O,323.25,5.822264525203999,2.134433755612185
CCCOC(C)=O,O,333.15,5.766497459161016,2.1153398160162946
CCCOC(C)=O,O,333.25,5.854143124240932,2.1150603913598864
CCCOC(C)=O,O,343.25,5.845872140562276,2.080261708104673
CCCCC,O,273.2,11.274127520527108,8.70757515788251
CCCCC,O,277.15,11.489953621007944,8.567441528412662
CCCCC,O,283.15,11.45365729775314,8.344533293546153
CCCCC,O,283.2,11.486686206940185,8.342638031463652
CCCCC,O,286.65,11.420909951786417,8.2107851724607
CCCCC,O,293.15,11.537871703931298,7.958555169709795
CCCCC,O,295.45,11.478918735349747,7.868762610371309
CCCCC,O,298.15,11.334848487191852,7.7633304616927745
CCCCC,O,298.15,11.503629390044969,7.7633304616927745
CCCCC,O,298.15,11.52050665499054,7.7633304616927745
CCCCC,O,298.15,11.554259328463203,7.7633304616927745
CCCCC,O,298.2,11.450647852717555,7.761379078133839
CCCCC,O,298.28,11.514374414735332,7.758256996592928
CCCCC,O,303.15,11.504748121445722,7.568698585478966
CCCCC,O,303.31,11.414412561918711,7.562493559430614
CCCCC,O,311.48,11.325636390464757,7.248703487678899
CCCCC,O,313.19,11.315028031570638,7.183958902981828
CCCCC,O,313.2,11.298524832712529,7.183581380710961
CCCCC,O,313.25,11.521240796573942,7.181693965488548
CCCCC,O,323.34,11.229046816987465,6.808176679283903
CCCCC,O,328.85,11.431453987090478,6.611078598953749
CCCCC,O,333.21,11.177259703060844,6.458871490115337
CCCCCl,O,273.35,8.758269387404333,6.887547965697238
CCCCCl,O,278.15,8.809619492198717,6.7661201583841954
CCCCCl,O,283.15,8.873378415461755,6.632137508182696
CCCCCl,O,285.65,8.957970100774979,6.563054007605187
CCCCCl,O,293.15,8.912174199575185,6.350447568024663
CCCCCl,O,293.15,8.920756492234805,6.350447568024663
CCCCCl,O,293.15,8.94135574116444,6.350447568024663
CCCCCl,O,298.15,8.042770211208635,6.206238364929476
CCCCCl,O,298.15,8.937307802974093,6.206238364929476
CCCCCl,O,298.15,8.96262488828945,6.206238364929476
CCCCCl,O,303.15,8.98490419460209,6.061523706745563
CCCCCl,O,308.15,8.975421513051286,5.917265916603324
CCCC#N,O,298.15,4.772149652482776,1.552314087672145
C1CCOC1,O,288.15,2.650350464302834,2.188894198125986
C1CCOC1,O,293.15,2.8026571033618155,2.189012620406573
C1CCOC1,O,298.15,2.833072157619292,2.183484592240787
C1CCOC1,O,298.15,2.8668301493131305,2.183484592240787
C1CCOC1,O,298.15,2.900586080303136,2.183484592240787
C1CCOC1,O,308.15,3.025334764161573,2.159154390076487
C1CCOC1,O,308.15,3.155978622696088,2.159154390076487
C1CCOC1,O,318.15,3.178395438659848,2.1218586068267795
C1CCOC1,O,323.15,3.284071629947348,2.0997241310237524
C1CCOC1,O,328.15,3.3414721469425333,2.0758333494752
CCCCCC(C)=O,O,282.85,7.081506885093025,2.620256208471272
CCCCCC(C)=O,O,292.95,7.282960472460229,2.824665005299253
CCCCCC(C)=O,O,293.15,7.27400127393574,2.827605653145376
CCCCCC(C)=O,O,298.15,7.257601963327289,2.889626460064949
CCCCCC(C)=O,O,298.15,7.308234645577643,2.889626460064949
CCCCCC(C)=O,O,303.15,7.376845991646308,2.9321414037043394
CCCCCC(C)=O,O,303.85,7.479531118611891,2.936733102986634
CCCCCC(C)=O,O,312.85,7.526227403549787,2.970907249312841
CCCCCC(C)=O,O,322.95,7.549151165551882,2.9659801086015034
CCCCCC(C)=O,O,333.35,7.551654440573136,2.927797162096117
CCCCCC(C)=O,O,343.25,7.60795751401576,2.870339192765969
CCCCCC(C)=O,O,353.35,7.517477371396954,2.797653411210632
CCCCCC(C)=O,O,363.65,7.500042910431035,2.7141455440033804
CCCCCC,O,280.8,12.676457452118594,8.086739510708512
CCCCCC,O,283.15,13.235427742067422,8.026034302492047
CCCCCC,O,287.15,12.670397682043967,7.915751157811891
CCCCCC,O,293.15,12.720580481623692,7.737643654399715
CCCCCC,O,295.5,12.83196027296716,7.664773138502189
CCCCCC,O,298.09,13.080853646447576,7.582935295280123
CCCCCC,O,298.15,12.79065139278426,7.58102300037754
CCCCCC,O,298.15,12.875042393271857,7.58102300037754
CCCCCC,O,298.15,13.128214227749076,7.58102300037754
CCCCCC,O,298.15,13.14509113409974,7.58102300037754
CCCCCC,O,298.15,13.161970554332402,7.58102300037754
CCCCCC,O,298.15,13.296993766180613,7.58102300037754
CCCCCC,O,303.15,13.009217075464468,7.419596377876966
CCCCCC,O,303.95,13.099274877536924,7.3934584397898355
CCCCCC,O,308.15,12.830076050360551,7.2553128344878175
CCCCCC,O,310.93,12.947462221213858,7.163319733094053
CCCCCC,O,313.15,12.979273302936438,7.089719989850418
CCCCCC,O,313.15,13.413150623809525,7.089719989850418
CCCCCC,O,313.25,13.07057522375202,7.086403668273997
CCCCCC,O,323.15,12.675369775263892,6.75924946871175
CCCCCC,O,328.85,12.805392546245963,6.573420582739724
CCCCCC,O,333.15,12.69567667574337,6.435171541603279
CCCCCC,O,333.15,13.284767900357924,6.435171541603279
CCCCCC,O,342.85,12.6434336286219,6.130933720180078
CCCCCC,O,342.85,12.658112767760786,6.130933720180078
CCCCCC,O,343.45,12.792653027610072,6.112499904619523
C1CCCCC1,O,288.36,10.879585631171953,8.773831080951469
C1CCCCC1,O,289.15,11.230282673984483,8.738519212827196
C1CCCCC1,O,289.25,11.258266736460357,8.734051303200216
C1CCCCC1,O,293.15,11.113079042443358,8.560282912281409
C1CCCCC1,O,294.25,11.293311925825348,8.51148870745226
C1CCCCC1,O,298.1,11.290506650970476,8.341718549612258
C1CCCCC1,O,298.15,10.984261683074358,8.339525379081707
C1CCCCC1,O,298.15,11.169919530153532,8.339525379081707
C1CCCCC1,O,298.15,11.321821858616676,8.339525379081707
C1CCCCC1,O,298.15,11.355577847044357,8.339525379081707
C1CCCCC1,O,298.15,11.389334219271488,8.339525379081707
C1CCCCC1,O,298.26,10.874400930351085,8.33470154211864
C1CCCCC1,O,298.75,11.275693131212916,8.313232777249489
C1CCCCC1,O,302.25,11.257648625267125,8.160861109936555
C1CCCCC1,O,308.15,11.17793792564033,7.908406113421486
C1CCCCC1,O,308.36,10.874474781329312,7.899532266302348
C1CCCCC1,O,313.15,11.063246679583042,7.699379921406022
C1CCCCC1,O,313.15,11.2239425467854,7.699379921406022
C1CCCCC1,O,313.35,11.18273942872504,7.691119588243353
C1CCCCC1,O,318.36,10.849393395746052,7.486844009337769
C1CCCCC1,O,323.15,11.081668590423362,7.296450503481388
C1CCCCC1,O,333.14,10.997867564408986,6.915417281596392
C1CCCCC1,O,343.15,10.833787692783346,6.555719675233425
c1ccncc1,O,298.15,2.7902751413578795,0.3531300150270799
c1ccncc1,O,298.15,2.857791172440768,0.3531300150270799
c1ccncc1,O,298.15,2.992813016666928,0.3531300150270799
c1ccncc1,O,333.15,3.174547691018658,0.6057402934087608
c1ccncc1,O,343.15,3.206382102334804,0.6419943933724763
c1ccncc1,O,343.15,3.235709342836108,0.6419943933724763
c1ccncc1,O,353.15,3.24068036856054,0.668235549982303
c1ccncc1,O,353.15,3.2549299913386465,0.668235549982303
c1ccncc1,O,356.32,3.1520905149232497,0.6748105021581046
c1ccncc1,O,362.06,3.032975070381329,0.6848683246447996
c1ccncc1,O,363.15,2.9996794731019185,0.6865288865850477
c1ccncc1,O,366.87,2.989523036076247,0.6916424255849013
c1ccncc1,O,372.8,3.2395094793146657,0.6981577624191814
c1ccncc1,O,373.15,2.842272188544562,0.6984839791797903
CCCCCCO,O,283.15,6.822777832153492,1.059697277694418
CCCCCCO,O,283.15,6.876094318753943,1.059697277694418
CCCCCCO,O,293.15,6.961883551020356,1.3795970398412436
CCCCCCO,O,293.15,7.013375760845821,1.3795970398412436
CCCCCCO,O,298.15,6.594049508438615,1.5013805806530631
CCCCCCO,O,298.15,6.6278058987214425,1.5013805806530631
CCCCCCO,O,298.15,6.678440223049093,1.5013805806530631
CCCCCCO,O,298.15,6.914730892718563,1.5013805806530631
CCCCCCO,O,298.15,6.948484469196206,1.5013805806530631
CCCCCCO,O,298.15,7.066637604042329,1.5013805806530631
CCCCCCO,O,298.2,6.861297642354015,1.502489389154606
CCCCCCO,O,302.85,6.888738602745491,1.5970815094044384
CCCCCCO,O,303.15,6.87236952297164,1.602634033246892
CCCCCCO,O,303.15,6.905568890575984,1.602634033246892
CCCCCCO,O,304.07,6.872093903863068,1.619270554252013
CCCCCCO,O,306.24,6.88705857211591,1.6562532163398482
CCCCCCO,O,312.95,6.988191755272481,1.752421731443683
CCCCCCO,O,313.15,6.881392822978955,1.754903407582372
CCCCCCO,O,313.15,6.977812916737572,1.754903407582372
CCCCCCO,O,313.15,7.009950791296807,1.754903407582372
CCCCCCO,O,313.26,6.891790517647881,1.756259491791246
CCCCCCO,O,323.15,6.99527152850218,1.8549643401807336
CCCCCCO,O,323.15,7.010844216558948,1.8549643401807336
CCCCCCO,O,323.15,7.026417927665528,1.8549643401807336
CCCCCCO,O,323.15,7.259995403630756,1.8549643401807336
CCCCCCO,O,333.15,6.977850209645398,1.916216479390835
CCCCCCO,O,333.15,6.992960024996364,1.916216479390835
CCCCCCO,O,333.15,7.023171070481263,1.916216479390835
CCCCCCO,O,343.15,6.913787051213856,1.948463270749504
CCCOCCC,O,283.15,7.223813415681597,4.347850726359366
CCCOCCC,O,288.15,7.304273818965395,4.382183116376183
CCCOCCC,O,293.15,7.538787665470283,4.393925252965731
CCCOCCC,O,298.15,7.345616584065706,4.387364772193219
CCCOCCC,O,298.15,7.716937301330978,4.387364772193219
CCCOCCC,O,298.15,7.750692215777994,4.387364772193219
CCCOCCC,O,303.25,7.829260392308848,4.36544473116011
CCCCCCCC,O,288.15,15.82581234236997,7.21862703975163
CCCCCCCC,O,293.15,15.953433249394182,7.1712010450772885
CCCCCCCC,O,298.15,15.859600790681446,7.101592962774982
CCCCCCCC,O,298.15,15.977747937052513,7.101592962774982
CCCCCCCC,O,298.15,16.02838208087667,7.101592962774982
CCCCCCCC,O,298.15,16.079015887871112,7.101592962774982
CCCCCCCC,O,298.15,16.11277250813946,7.101592962774982
CCCCCCCC,O,298.15,16.50096744141374,7.101592962774982
CCCCCCCC,O,303.05,15.927133673004768,7.016550193722293
CCCCCCCC,O,303.45,15.933314271279148,7.0089925856265625
CCCCCCCC,O,310.9,15.930439892573665,6.85465236255588
CCCCCCCC,O,313.25,16.308525909854346,6.801531967135061
CCCCCCCCC,O,298.15,17.56439326441402,6.847018108610407
CCCCCCCCC,O,298.15,17.868197707356956,6.847018108610407
CCCCCCCCO,O,278.15,9.82041024511876,0.1638529093923161
CCCCCCCCO,O,283.15,9.834780354526336,0.4998614950127611
CCCCCCCCO,O,288.15,9.538261869287462,0.7816896217598024
CCCCCCCCO,O,288.15,9.852609961205772,0.7816896217598024
CCCCCCCCO,O,293.15,9.787919561855292,1.017987790007484
CCCCCCCCO,O,293.15,9.822250381775506,1.017987790007484
CCCCCCCCO,O,293.15,9.856579366334692,1.017987790007484
CCCCCCCCO,O,293.65,9.63098304918408,1.039399187564134
CCCCCCCCO,O,298.15,9.341052795036909,1.2158787565210003
CCCCCCCCO,O,298.15,9.459198452570382,1.2158787565210003
CCCCCCCCO,O,298.15,9.492952111989853,1.2158787565210003
CCCCCCCCO,O,298.15,9.543585980054386,1.2158787565210003
CCCCCCCCO,O,298.15,9.577341813632218,1.2158787565210003
CCCCCCCCO,O,298.15,9.627977763014904,1.2158787565210003
CCCCCCCCO,O,298.15,9.779878201821504,1.2158787565210003
CCCCCCCCO,O,298.15,9.796759435470996,1.2158787565210003
CCCCCCCCO,O,303.15,9.726111745335166,1.3812572505102958
CCCCCCCCO,O,303.75,9.36947859331448,1.3991596860168576
CCCCCCCCO,O,308.15,9.677822073834651,1.519025083606813
CCCCCCCCO,O,313.15,9.425862957359028,1.6332767719229286
CCCCCCCCO,O,313.15,9.570487281660292,1.6332767719229286
CCCCCCCCO,O,313.15,9.61869463578504,1.6332767719229286
CCCCCCCCO,O,313.15,9.666904088855215,1.6332767719229286
CCCCCCCCO,O,313.25,9.355072550932205,1.635346512327875
CCCCCCCCO,O,318.15,9.549231110234617,1.727446987857793
CCCCCCCCO,O,323.15,9.501052848112993,1.8044283763898008
CCCCCCCCO,O,333.15,9.343865514581172,1.916234886595113
CCCCCCCCO,O,333.15,9.434491415599531,1.916234886595113
CCCCCCCCO,O,333.15,9.585538693948006,1.916234886595113
CCCCCCCCCCCC,O,296.15,21.6796153921998,5.991178249643166
CCCCCCCCCCCC,O,298.15,21.61513681899976,6.034654150663075
CCN(CC)CC,O,298.15,4.234406459606258,3.40722995050761
CCCC=O,O,293.15,4.158864333183889,3.355805967604712
CCCC=O,O,298.15,3.8917835627420136,3.3113880998454897
CCCC=O,O,298.15,4.128075877186113,3.3113880998454897
CCCC=O,O,298.15,4.144953705965294,3.3113880998454897
CCCC=O,O,298.15,4.246222661693681,3.3113880998454897
CCCC=O,O,303.15,4.298983283736533,3.2632330202868216
CCCC=O,O,308.15,4.188118714455007,3.2122250335700264
CCCC=O,O,313.15,4.114230519379585,3.159093128458097
CCCCOC(C)=O,O,283.15,6.720115203910376,2.82874623520118
CCCCOC(C)=O,O,292.85,6.926135326263567,2.9733440712213826
CCCCOC(C)=O,O,293.15,6.861380395672182,2.976456227697509
CCCCOC(C)=O,O,293.15,6.98154462895263,2.976456227697509
CCCCOC(C)=O,O,293.15,7.015873987326884,2.976456227697509
CCCCOC(C)=O,O,298.1,6.919209429027253,3.018080521610285
CCCCOC(C)=O,O,298.15,6.714540607053545,3.0184134382111334
CCCCOC(C)=O,O,298.15,6.917081652838381,3.0184134382111334
CCCCOC(C)=O,O,298.15,6.933958944478773,3.0184134382111334
CCCCOC(C)=O,O,298.15,6.967711442135736,3.0184134382111334
CCCCOC(C)=O,O,298.15,6.984586682085989,3.0184134382111334
CCCCOC(C)=O,O,298.15,7.001464177419488,3.0184134382111334
CCCCOC(C)=O,O,298.15,7.11961136587841,3.0184134382111334
CCCCOC(C)=O,O,298.2,6.999322097507557,3.0187447134473424
CCCCOC(C)=O,O,303.15,6.924504228940106,3.043907938735021
CCCCOC(C)=O,O,303.15,6.990910062198179,3.043907938735021
CCCCOC(C)=O,O,303.15,7.05730395725399,3.043907938735021
CCCCOC(C)=O,O,303.2,7.05521792943091,3.0440897460959504
CCCCOC(C)=O,O,303.45,7.127693699347399,3.0449784774778195
CCCCOC(C)=O,O,308.15,6.91850726861904,3.055765984534195
CCCCOC(C)=O,O,308.15,7.14713431859675,3.055765984534195
CCCCOC(C)=O,O,308.2,7.096116891193358,3.0558239884400957
CCCCOC(C)=O,O,310.3,7.044059074942518,3.057271036931528
CCCCOC(C)=O,O,312.75,7.156473005415775,3.056653890022091
CCCCOC(C)=O,O,313.15,7.012061238791353,3.0563317509554957
CCCCOC(C)=O,O,313.15,7.044198677598685,3.0563317509554957
CCCCOC(C)=O,O,313.2,7.154709102519406,3.0562872730350232
CCCCOC(C)=O,O,317.55,7.128455848645207,3.0490454091429315
CCCCOC(C)=O,O,317.6,6.999769122744558,3.048925544519729
CCCCOC(C)=O,O,318.15,7.0105104035542825,3.0475555053032872
CCCCOC(C)=O,O,318.2,7.182564855211243,3.047426310778787
CCCCOC(C)=O,O,323.15,7.011556579695878,3.0310643021066013
CCCCOC(C)=O,O,323.15,7.058267920594749,3.0310643021066013
CCCCOC(C)=O,O,323.15,7.167277045839916,3.0310643021066013
CCCCOC(C)=O,O,328.15,7.014940129528651,3.00821894396605
CCCCOC(C)=O,O,333.15,7.02044090042503,2.9801600900022702
CCCCOC(C)=O,O,333.15,7.035541449378067,2.9801600900022702
CCCCOC(C)=O,O,333.35,7.164410972828795,2.978943397942365
CCCCOC(C)=O,O,341.8,7.037809382839615,2.9220374039458927
CCCCOC(C)=O,O,343.35,7.220768784325388,2.9105895499246563
CCCCOC(C)=O,O,353.25,7.198617290065543,2.8319816001470617
CCCCOC(C)=O,O,363.65,6.905246133708334,2.742182445749747
CCCCOC(C)=O,O,363.65,7.199991963423599,2.742182445749747
C1COCCO1,O,288.15,1.6362103119869418,1.669435355916005
C1COCCO1,O,288.15,1.7235305915377923,1.669435355916005
C1COCCO1,O,298.15,1.7498361740543509,1.719796973650741
C1COCCO1,O,298.15,1.7835928798949945,1.719796973650741
C1COCCO1,O,298.15,1.8342265099175912,1.719796973650741
C1COCCO1,O,308.15,1.863236364083924,1.743278995880674
C1COCCO1,O,308.15,1.9448881984702249,1.743278995880674
C1COCCO1,O,318.15,1.944145736251262,1.747338483881539
C1COCCO1,O,328.15,2.0716147420374487,1.7373597441442317
C1COCCO1,O,338.15,2.12191537116921,1.7172692382299304
C1COCCO1,O,348.15,2.1445619247529133,1.6899544246643732
CCCCCCCCCC,O,293.15,19.80980609403882,6.547669101664862
CCCCCCCCCC,O,298.15,19.809756234145112,6.572270730920815
CC(=O)OCc1ccccc1,O,282.85,8.186751136647267,1.943595020194376
CC(=O)OCc1ccccc1,O,293.15,8.0943143403542,2.2255533866119617
CC(=O)OCc1ccccc1,O,303.85,8.171249037483847,2.4003801305710604
CC(=O)OCc1ccccc1,O,313.45,7.994035168590676,2.486154765714502
CC(=O)OCc1ccccc1,O,322.95,7.891270920419171,2.524409449243132
CC(=O)OCc1ccccc1,O,333.25,7.785970242004062,2.5286275661685456
CC(=O)OCc1ccccc1,O,343.55,7.669060983057548,2.505545574155108
CCOC(C)=O,O,273.35,3.755460419291917,2.3123790832845974
CCOC(C)=O,O,283.15,3.967786891810959,2.399138724200496
CCOC(C)=O,O,288.15,4.067654873468627,2.4221564762157266
CCOC(C)=O,O,288.15,4.137511006371375,2.4221564762157266
CCOC(C)=O,O,293.15,4.131153716056096,2.434020717915104
CCOC(C)=O,O,293.15,4.1483196739872685,2.434020717915104
CCOC(C)=O,O,293.15,4.199816571664264,2.434020717915104
CCOC(C)=O,O,298.15,4.160093288266214,2.4366453810642787
CCOC(C)=O,O,298.15,4.210728100520219,2.4366453810642787
CCOC(C)=O,O,298.15,4.22760571000044,2.4366453810642787
CCOC(C)=O,O,298.15,4.278239880004347,2.4366453810642787
CCOC(C)=O,O,303.15,4.288963802690647,2.431621537681598
CCOC(C)=O,O,303.15,4.322162504860085,2.431621537681598
CCOC(C)=O,O,303.15,4.554558764335637,2.431621537681598
CCOC(C)=O,O,303.25,4.3193889724254575,2.431452550728109
CCOC(C)=O,O,313.11,4.39445409293185,2.4038673142818228
CCOC(C)=O,O,313.15,4.23269391315669,2.403716710738669
CCOC(C)=O,O,313.15,4.377319322644893,2.403716710738669
CCOC(C)=O,O,313.25,4.438923139218585,2.403339006743246
CCOC(C)=O,O,318.15,4.263002360249284,2.3828736301439744
CCOC(C)=O,O,323.1,4.450494535054278,2.358785071100927
CCOC(C)=O,O,323.15,4.293495922260317,2.3585265009965206
CCOC(C)=O,O,323.25,4.49337121007885,2.3580085095761825
CCOC(C)=O,O,333.11,4.552257686658636,2.302084853771304
CCOC(C)=O,O,333.25,4.548809336362173,2.3012312176516048
CCOC(C)=O,O,343.12,4.564032516647782,2.237966885994104
CCOC(C)=O,O,343.25,4.560969573694568,2.237099396796197
CCCCCCC,O,277.45,14.850003793061546,7.720423339988971
CCCCCCC,O,286.65,14.832920021838689,7.601465261370565
CCCCCCC,O,298.15,14.22328632776968,7.358585836434307
CCCCCCC,O,298.15,14.30767310489975,7.358585836434307
CCCCCCC,O,298.15,14.44269954345967,7.358585836434307
CCCCCCC,O,298.15,14.510211530763602,7.358585836434307
CCCCCCC,O,298.15,14.543966965626456,7.358585836434307
CCCCCCC,O,298.15,14.712748941012954,7.358585836434307
CCCCCCC,O,305.85,14.558594863729914,7.161339201564125
CCCCCCC,O,308.15,14.699736670658366,7.099022840535018
CCCCCCC,O,313.25,14.561558490259673,6.956966578332112
CCCCCCC,O,318.15,14.662052418369775,6.816891970060372
CCCCCCC,O,328.85,14.3948729492176,6.5052668048353
CCCCOCCCC,O,282.45,9.937917964340636,3.484247759510181
CCCCOCCCC,O,293.05,10.2886921285257,3.782631203677938
CCCCOCCCC,O,293.15,10.163333263493245,3.784608137744529
CCCCOCCCC,O,293.15,10.214828776912452,3.784608137744529
CCCCOCCCC,O,304.05,10.313744494780352,3.9294497726143702
CCCCOCCCC,O,308.15,9.76108262053892,3.954109894938969
CCCCOCCCC,O,323.15,9.213495389669482,3.9500459280694793
CCCCOCCCC,O,323.65,10.38652771076918,3.9479450534494593
CCCCOCCCC,O,338.15,8.887093296114196,3.850214005057311
C1CCCC1,O,276.5,9.984168518018269,9.690341482049796
C1CCCC1,O,282.2,10.056719238789547,9.375388928808324
C1CCCC1,O,296.2,10.091414204725744,8.637406719362557
C1CCCC1,O,298.15,10.091795322814823,8.53912306579167
C1CCCC1,O,298.15,10.125550520230094,8.53912306579167
C1CCCC1,O,313.25,10.088247799972017,7.817805968277817
C1CCCC1,O,328.85,9.98187812695804,7.146345094209996
C1CCCCCC1,O,298.15,12.106937158558743,8.221250451918792
C1CCCCCCC1,O,288.15,13.946293176167524,8.341296529925385
C1CCCCCCC1,O,293.15,13.92636296553903,8.193688865729655
C1CCCCCCC1,O,298.15,13.587193647876068,8.037592965524118
C1CCCCCCC1,O,298.15,13.894377189716176,8.037592965524118
C1CCCCCCC1,O,303.15,13.854125318334477,7.875686511871891
C1CCCCCCC1,O,308.15,13.801029207528073,7.710103618087677
C1CCCCCCC1,O,313.15,13.751674723218116,7.542543485956603
CC(C)CC(C)(C)C,O,283.15,14.855797870269948,6.933605938985205
CC(C)CC(C)(C)C,O,293.15,14.99732057199922,6.890743302232472
CC(C)CC(C)(C)C,O,298.15,14.788722119902031,6.8311230128098455
CC(C)CC(C)(C)C,O,298.15,14.822478937835584,6.8311230128098455
CC(C)CC(C)(C)C,O,298.15,14.957504761758154,6.8311230128098455
CC(C)CC(C)(C)C,O,298.15,15.531356836868731,6.8311230128098455
CC(C)CC(C)(C)C,O,303.15,14.787856428627553,6.753179446452496
CC(C)CC(C)(C)C,O,313.15,14.887118146559866,6.557845262979245
CC(C)CC(C)(C)C,O,323.15,14.611823347134976,6.328898572305008
CCCC(C)CC,O,298.15,13.925942193729904,7.323467163634229
CCCC(C)CC,O,298.15,14.567303933956952,7.323467163634229
CCCC(C)(C)C,O,298.15,14.04838263335613,7.159171741800845
COC(=O)OC,O,273.35,3.674975743944621,2.642954111845499
COC(=O)OC,O,283.15,3.813977889092073,2.660335441541353
COC(=O)OC,O,293.15,3.861849084308512,2.6461841320738744
COC(=O)OC,O,298.15,3.888045836846664,2.6304082222413543
COC(=O)OC,O,303.15,3.9154830126933664,2.6102050863427584
COC(=O)OC,O,313.15,3.925170201057484,2.5596582990481243
COC(=O)OC,O,323.15,3.940851443931638,2.4996218177601315
COC(=O)OC,O,333.15,3.915901474434136,2.433671081759188
CN1CCCC1=O,O,328.45,0.1067355698373595,-1.6548082037830167
CN1CCCC1=O,O,333.15,0.2832673418532423,-1.5427992686258285
CN1CCCC1=O,O,337.95,0.3204009250145069,-1.436831352710733
CN1CCCC1=O,O,343.15,0.4391126275203824,-1.3307641613129049
CN1CCCC1=O,O,351.01,0.4545345983418038,-1.1858371792533808
CN1CCCC1=O,O,353.15,0.5486126173266493,-1.1492980979604357
COC(C)(C)C,O,288.15,4.837622278093863,3.499352664108126
COC(C)(C)C,O,293.15,4.700880285813743,3.51193366628545
COC(C)(C)C,O,298.15,4.722090627494867,3.510559202992217
COC(C)(C)C,O,298.15,4.823357475302053,3.510559202992217
COC(C)(C)C,O,298.15,4.924627050164017,3.510559202992217
COC(C)(C)C,O,303.15,4.909967454295495,3.497786636094622
COC(C)(C)C,O,303.25,5.023531775831276,3.497430077263307
COC(C)(C)C,O,308.15,5.1909993807394175,3.4757258585618818
COC(C)(C)C,O,313.15,5.062487432301507,3.446122307273492
COC(C)(C)C,O,313.25,5.26881131291526,3.4454636840664787
CCC1CCCCC1,O,278.15,14.291539747007542,8.085161220440709
CCC1CCCCC1,O,283.15,14.315036581021785,8.00524499434756
CCC1CCCCC1,O,288.15,14.304820367767483,7.903860391534674
CCC1CCCCC1,O,293.15,14.296874414780644,7.786109361881212
CCC1CCCCC1,O,298.15,14.274143535678796,7.656070797192648
CCC1CCCCC1,O,303.15,14.253888062028198,7.517011202368586
CCC1CCCCC1,O,303.45,14.16949989889739,7.508440826867902
CCC1CCCCC1,O,308.15,14.203266446069405,7.371549229020887
CCC1CCCCC1,O,311.5,13.750305147839,7.271571584842549
CCC1CCCCC1,O,313.15,14.155811171276452,7.221784874214906
CCC1CCCCC1,O,343.55,13.48210421667918,6.294969658017502
ClC(Cl)(Cl)Cl,O,298.15,9.344023003163578,7.427597685082294
CCOCC,O,298.15,4.194262292761239,3.8005498912965447
CCO,O,298.15,1.4206957878372228,1.3667602512878296
CC(C)O,O,298.15,2.105352923464337,1.448725946972496
ClC(Cl)Cl,O,298.15,6.680882281922419,5.751592749432788
CCCO,O,298.15,2.4595888418037104,1.8860685585750991
CCCCO,O,298.15,3.971828468296071,1.5307386338135234
CCCCCO,O,298.15,5.420565972243946,1.693498062082706
CC(Cl)(Cl)Cl,O,298.15,8.693386005777015,6.646616216928349
CI,O,298.15,6.398192191215386,7.213918363569261
S=C=S,O,298.15,7.735459575932075,9.27372510551904
CCC(C)C,O,298.15,11.307435173893335,7.657766715252205
CC(C)C(C)C,O,298.15,12.555256601950225,7.480640866650275
CCOC(=O)c1ccccc1C(=O)OCC,O,298.15,9.4955719444038,0.4152620203467436
CCOC(=O)c1ccccc1,O,298.15,8.982600021551178,4.2270272589661815
CCC(C)CC,O,298.15,12.665078520566368,7.559669084469082
CC1CCCC1,O,298.15,11.559999872356157,8.13328720939889
CC(C)c1ccccc1,O,298.15,11.50972434685432,5.256747653359028
CCc1ccccc1,O,298.15,10.354579095336446,5.918694070990258
N#Cc1ccccc1,O,298.15,7.462214939768189,1.9583952561405995
COc1ccccc1,O,298.15,8.011769616939242,3.97594650837588
CCCCc1ccccc1,O,298.15,13.278465865499683,5.581831030322112
Cc1ccc(C)cc1,O,298.15,10.327371978668042,5.825350222865753
CCCC(C)C,O,298.15,12.854745335988287,7.467393015227113
CCCC(C)=O,O,298.15,4.435387290596168,2.1688366109920136
CC(C)CC(C)C,O,298.15,14.142502281921896,7.144457860117796
CC(C)OC(C)C,O,298.15,6.09996014326128,3.730698125034877
CC1CCCCC1,O,298.15,12.849995442661148,7.8602244501217955
Cc1ccccc1,O,298.15,9.126539109777628,5.816938718193627
Clc1ccccc1,O,298.15,9.247626522762106,5.506249507603371
Oc1ccccc1,O,317.15,3.809826368312844,1.5638361465367474
CCCOC(C)=O,O,298.15,5.556484373301816,2.064055403403521
C1CCOC1,O,298.15,2.8678989020441064,2.183484592240787
CCCCCC(C)=O,O,298.15,7.282479352954612,2.889626460064949
CCCCCC,O,298.15,13.02445061381499,7.58102300037754
C1CCCCC1,O,298.15,11.309994995919718,8.339525379081707
CCCCCCO,O,298.15,6.860659478567379,1.5013805806530631
CCCCCCCC,O,298.15,16.218881719769755,7.101592962774982
CCCCCCCCC,O,298.15,17.925933500815713,6.847018108610407
CCCCCCCCO,O,298.15,9.66076609867324,1.2158787565210003
CCCCCCCCCCCC,O,298.15,21.639556568820566,6.034654150663075
CCCCOC(C)=O,O,298.15,6.879568744750009,3.0184134382111334
C1COCCO1,O,298.15,1.7715567619105357,1.719796973650741
CCCCCCCCCC,O,298.15,19.692859710390568,6.572270730920815
CC(=O)OCc1ccccc1,O,298.15,8.301901235496373,2.3196042502503094
CCOC(C)=O,O,298.15,4.132683476448549,2.4366453810642787
CCCCCCC,O,298.15,14.561771874173706,7.358585836434307
C1CCCC1,O,298.15,10.119997147742298,8.53912306579167
CC(C)CC(C)(C)C,O,298.15,15.310482178262024,6.8311230128098455
COC(C)(C)C,O,298.15,4.987660039335725,3.510559202992217
CCOCCO,O,341.15,1.7681496035889213,0.1458680448221502
OCc1ccccc1,O,333.15,4.755002985745314,1.6256410308777016
CNC=O,O,420.15,2.933856869835904,0.0678645440053149
