Solute_SMILES,Solvent_SMILES,T_K,ln_gamma_inf,ln_gamma_pred_Extrap
O,ClC(Cl)(Cl)Cl,293.15,7.0726763210959245,7.0237484512492845
O,ClC(Cl)(Cl)Cl,293.15,7.244334652721107,7.0237484512492845
O,ClC(Cl)(Cl)Cl,297.15,7.070452192639792,6.946632618756649
O,ClC(Cl)(Cl)Cl,298.15,6.901267277343608,6.927642389651906
O,ClC(Cl)(Cl)Cl,298.15,6.918141158534555,6.927642389651906
O,ClC(Cl)(Cl)Cl,298.15,7.053170775080112,6.927642389651906
O,ClC(Cl)(Cl)Cl,298.15,7.070044182025856,6.927642389651906
O,ClC(Cl)(Cl)Cl,298.15,7.086921864082791,6.927642389651906
O,ClC(Cl)(Cl)Cl,298.15,7.103807142224351,6.927642389651906
O,ClC(Cl)(Cl)Cl,303.15,6.985891555184846,6.8343684096597235
O,ClC(Cl)(Cl)Cl,303.15,7.019090908042805,6.8343684096597235
O,CC(C)=O,318.05,1.742718023490054,1.7794919526874158
O,CC(C)=O,323.15,2.155458850603736,1.7514078037302059
O,CC(C)=O,328.45,1.6615691556444534,1.723146439226163
O,CC(C)=O,333.15,1.6983860793014285,1.6988367455485964
O,CC(C)=O,333.15,1.7739094343818835,1.6988367455485964
O,CC(C)=O,373.15,1.5560687807758948,1.5167293638957908
O,CCCCO,383.15,1.0715390947411765,1.5630207884049843
O,CCCCCO,323.1,0.9152942355365596,1.274025071739881
O,CCCCCO,323.15,1.4278368959885894,1.2741062935277516
O,CCCCCO,333.15,1.3503044233867354,1.2897545983643675
O,CCCCCO,343.15,1.281047727866106,1.30423248845897
O,CCCCCO,373.45,0.8909195891342591,1.3412862194391613
O,CC(Cl)(Cl)Cl,308.15,5.745490476555972,5.6909719200208215
O,CC(Cl)Cl,308.15,4.850896809302559,5.05148793311893
O,C[N+](=O)[O-],322.45,2.469293733382824,2.568134999153595
O,C[N+](=O)[O-],333.05,2.467667234654983,2.54356466481556
O,CCC(C)C,293.15,7.7072065299121215,7.732222800236677
O,ClC=C(Cl)Cl,323.15,5.6403029481413895,5.640923409009909
O,CC(C)C(C)C,303.15,6.994584139316616,7.504422229706542
O,ClC(Cl)C(Cl)Cl,308.15,4.19357885081249,4.402476224244586
O,BrCCBr,323.15,5.138553462010824,5.061818985554154
O,ClCCCl,308.15,4.330492521818207,4.49274552500079
O,OCCO,323.0,-0.2016829854325773,-0.11376487869823518
O,OCCO,333.0,-0.2068384548230339,-0.1103485143645253
O,OCCO,343.0,-0.1928253287674105,-0.10713135503918317
O,OCCO,373.15,-0.20463587975847,-0.09847528720223458
O,CCCCC,298.15,7.812313452779256,7.842946467096783
O,CCCCC,311.48,7.819218376559413,7.507317324318654
O,COCCO,362.96,0.5258876202426481,0.48908022377623506
O,CCCCCC,293.15,7.198609813849256,7.477212132879045
O,CCCCCC,293.15,7.540212523092693,7.477212132879045
O,CCCCCC,293.15,7.634622494744645,7.477212132879045
O,CCCCCC,298.15,7.314566147814657,7.351823786138099
O,CCCCCC,298.15,7.417520340550807,7.351823786138099
O,CCCCCC,298.15,7.579551133631047,7.351823786138099
O,CCCCCC,298.15,7.750016189494872,7.351823786138099
O,CCCCCC,303.15,7.062799844888453,7.230571278406838
O,CCCCCC,303.15,7.125878248239475,7.230571278406838
O,CCCCCC,303.15,7.155755331895206,7.230571278406838
O,C1CCCCC1,292.15,7.671160530326755,7.982809581850848
O,C1CCCCC1,293.15,7.4723415507138204,7.961731154534899
O,C1CCCCC1,293.15,7.664600002156324,7.961731154534899
O,C1CCCCC1,293.15,7.669747320075953,7.961731154534899
O,C1CCCCC1,293.15,7.690350033259834,7.961731154534899
O,C1CCCCC1,293.15,8.196742718134235,7.961731154534899
O,C1CCCCC1,298.15,7.506734627010588,7.858441336412628
O,C1CCCCC1,298.15,7.89492936092867,7.858441336412628
O,C1CCCCC1,298.15,7.970878549719943,7.858441336412628
O,C1CCCCC1,298.15,8.024888327954244,7.858441336412628
O,C1CCCCC1,298.15,8.048519876909335,7.858441336412628
O,C1CCCCC1,298.15,8.08733907462537,7.858441336412628
O,C1CCCCC1,303.15,7.710671244487573,7.758516825561849
O,C1CCCCC1,303.15,7.825209333933533,7.758516825561849
O,C1CCCCC1,308.15,7.536950433049565,7.6617793588787695
O,CCCCCCCC,293.15,7.40933024706519,7.4240688940982515
O,CCCCCCCC,293.15,7.745786046484516,7.4240688940982515
O,CCCCCCCC,298.15,7.593515241108064,7.2995716126189105
O,O=S1(=O)CCCC1,317.9,0.9925478215909094,1.0336134266027837
O,O=S1(=O)CCCC1,323.15,0.9001166334973516,1.016821020642191
O,O=S1(=O)CCCC1,332.6,0.8139080004350787,0.9879306088865173
O,O=S1(=O)CCCC1,333.15,0.7701591463253186,0.9862996276394767
O,O=S1(=O)CCCC1,362.25,0.909185549744108,0.9070689902068569
O,ClC(Cl)=C(Cl)Cl,298.15,7.013672639573042,7.073687167367565
O,ClC(Cl)=C(Cl)Cl,303.15,6.94709137009451,6.9570214091507445
O,ClC(Cl)=C(Cl)Cl,304.25,7.086411794376143,6.9318695014106995
O,ClC(Cl)=C(Cl)Cl,313.15,6.952805123535846,6.734865823463396
O,CCOC(C)=O,328.45,2.3140392430391614,2.1920479923257776
O,CCOC(C)=O,333.15,2.3383382626998634,2.1864006379254164
O,CCOC(C)=O,338.35,2.273543437009322,2.180262976783953
O,CCOC(C)=O,349.45,2.190368908628324,2.1674819134209597
O,CCOC(C)=O,353.15,2.2168027785792965,2.1633014933123156
O,CCOC(C)=O,373.15,2.117751984893884,2.1411902927582696
O,CCCCCCC,293.15,7.260824730939261,7.342088300949606
O,CCCCCCC,293.15,7.532045293132494,7.342088300949606
O,CCCCCCC,293.15,7.597270873308033,7.342088300949606
O,CCCCCCC,296.15,7.16280826569203,7.267715836205618
O,CCCCCCC,298.15,7.0791506956425385,7.218965614448312
O,CCCCCCC,298.15,7.080842665085672,7.218965614448312
O,CCCCCCC,298.15,7.261435743940541,7.218965614448312
O,CCCCCCC,298.15,7.301943710362531,7.218965614448312
O,CCCCCCC,298.15,7.585494362139409,7.218965614448312
O,CCCCCCC,298.15,7.69013969081241,7.218965614448312
O,CCCCCCC,313.15,7.047447653720132,6.873186322583515
O,CCCCCCC,313.15,7.262775855208943,6.873186322583515
O,CC(C)CC(C)(C)C,293.15,7.220710283411295,7.645184850794579
O,CC(C)CC(C)(C)C,293.15,7.725387431413584,7.645184850794579
O,CC(C)CC(C)(C)C,298.15,7.583043941240769,7.539698314243367
O,CCCCCCCCCCCCCCCC,298.15,7.296860626321727,7.017677210983168
O,CCCC(C)O,337.9,0.8098051391099234,1.2329840310567288
O,OCC(O)CO,333.15,-0.0972501603503134,-0.24829855203952889
O,OCC(O)CO,338.15,-0.2145010059328681,0.12223724000005731
O,OCC(O)CO,339.75,-0.3944406019127106,0.23469773323973797
O,OCC(O)CO,343.15,-0.1806349798647506,0.4644048777285761
O,OCC(O)CO,343.15,-0.1073113061016803,0.4644048777285761
O,OCC(O)CO,348.15,-0.1467382201118044,0.7805981538088353
O,OCC(O)CO,349.95,-0.3824412041110268,0.8884917890314235
O,OCC(O)CO,353.15,-0.16984214952462,1.0729769067990595
O,OCC(O)CO,353.15,-0.1128451222424696,1.0729769067990595
O,OCC(O)CO,358.15,-0.0649364669741801,1.343493214963246
O,OCC(O)CO,359.25,-0.3794304696082695,1.4002516808486511
O,OCC(O)CO,363.15,-0.0313358803098529,1.5939142845177425
O,OCC(O)CO,364.05,-0.3517897530811209,1.6369820452948236
O,OCC(O)CO,368.15,0.0021776272477742,1.8258424957589643
O,OCC(O)CO,373.15,0.0625521746569646,2.0407329991852965
O,OCC(O)CO,378.15,0.0954647133179519,2.2399091943313447
O,OCC(O)CO,383.15,0.1282260943841609,2.4245763744202318
O,CC(O)CO,393.15,-0.1718006956548393,-0.12584726797767862
O,CC(=O)O,366.66,0.7506516456283715,0.7620084994799986
O,CC(=O)O,373.15,0.7439496044903033,0.7487552973550364
O,CO,317.85,0.5786169737149491,0.45841086158173894
O,CO,327.85,0.5351005881778923,0.4487653382807037
O,CO,333.15,0.5696566380296487,0.44379580697230553
O,CO,337.05,0.5598214810648546,0.440200512305282
O,CO,373.15,0.628859294677401,0.4092478122851755
O,CC(C)O,328.15,1.228142353313121,1.2288155151210458
O,CC(C)O,337.95,1.097217983743282,1.193181901719033
O,CC(C)O,355.51,1.1232463629597824,1.1342461362674285
O,CC(C)O,363.15,1.1291641251959492,1.1103837312117486
O,CC(C)O,373.15,1.1108109152916583,1.080626723813851
O,CC(C)O,373.15,1.5153799482804002,1.080626723813851
O,ClC(Cl)Cl,308.15,4.7870166299338095,5.086367147638802
O,CN(C)C=O,363.05,-0.0090508355204178,-0.01533124115247686
O,CN(C)C=O,367.65,0.013952213618004,-0.0057193203490508715
O,CN(C)C=O,368.15,-0.0091033096769078,-0.004705929461528147
O,CN(C)C=O,378.15,0.0097919024624692,0.014353125784417164
O,CN(C)C=O,382.95,0.2795843744141646,0.022736605806875865
O,CN(C)C=O,397.75,0.1975549374345439,0.04583554356412023
O,CCCO,313.25,1.2045746231966257,1.2985771371971253
O,CCCO,323.15,1.1401955933182522,1.2587940661746493
O,CCCO,333.15,1.096202721324311,1.2210095028332975
O,CCCCO,323.23,1.6535504870524214,1.5261400116791721
O,CCCCO,333.15,1.2586853962471345,1.5340955844112725
O,CCCCO,343.15,1.1963014546213606,1.5413697575450067
O,CCCCO,353.15,1.1406687209564528,1.5478906931604857
O,CCCCO,363.15,1.132475728506433,1.5536634883913316
O,CCCCO,363.15,1.3957594257355896,1.5536634883913316
O,CCCCO,372.15,1.0950927690853998,1.5582296468355916
O,CCCCO,373.15,1.1810674686043026,1.5587007592454742
O,CCCCO,373.15,1.2350091552313354,1.5587007592454742
O,CCCCO,373.15,1.3968385749955616,1.5587007592454742
O,CCCCCO,348.55,1.535181929327298,1.3115739976647751
O,CCCCCO,362.45,1.526792988597672,1.3289800075514888
O,CCCCCO,369.15,1.476169342411549,1.3366259362534707
O,CCC(C)C,293.15,7.882296050877738,7.732222800236677
O,CCC(C)C,293.65,7.820082165189818,7.719057707036081
O,CCC(C)C,294.45,7.861137535819378,7.698086546983252
O,CCC(C)C,294.95,7.852155219254855,7.68503733550782
O,CCC(C)C,298.15,7.862501046337841,7.602558689805024
O,CCC(C)O,350.25,1.283716082559567,1.3093829844872968
O,CCC(C)O,357.85,1.311298687383372,1.2815744071725808
O,CCC(C)=O,333.15,1.976020810090479,1.9930097489985765
O,CCC(C)=O,333.15,2.00623085914904,1.9930097489985765
O,CCC(C)=O,343.15,1.948226036744644,1.93493002956298
O,CCC(C)=O,353.15,1.939398997439656,1.880139539528432
O,CCC(C)=O,373.15,1.7690468118986475,1.7793684791545086
O,CCC(C)=O,373.15,1.8634458211487064,1.7793684791545086
O,ClCC(Cl)Cl,323.15,4.084504641940128,4.324211040648727
O,CNC(C)=O,363.15,-0.1004260435483094,0.11973084413628765
O,CCC(C)CC,299.1,7.874035455601207,7.833144306359821
O,CC1CCCC1,303.15,6.950891393859272,7.311472443106442
O,OCCO,343.25,0.2275896527406789,-0.10705332779662728
O,OCCO,348.05,0.2047921904213219,-0.10557694163035461
O,OCCO,353.45,0.2004643105298824,-0.10396393911794456
O,CC1CCCCC1,303.15,6.932974582114984,7.307340672455761
O,CC1CCCCC1,310.93,7.177965605521878,7.124505330570761
O,CCCCC,297.95,7.64925919646216,7.848210811980638
O,CCCCC,298.15,7.641847646473841,7.842946467096783
O,C1CCOC1,328.05,2.286752415010672,2.2693778710417116
O,C1CCOC1,338.05,2.2363566113439464,2.202246618278047
O,CCCCCC,293.15,7.900695892476207,7.477212132879045
O,CCCCCC,298.15,7.861411157356256,7.351823786138099
O,OCCCCO,331.15,-0.1314911895406375,0.12255125016844282
O,OCCCCO,332.81,0.2107389311554496,0.12193998531418566
O,OCCCCO,334.32,0.3575205862824363,0.12138922747562804
O,OCCCCO,340.65,-0.0640586363007204,0.11913355819822953
O,OCCCCO,353.15,0.043222311453269,0.11491674000299809
O,OCCCCO,363.15,0.0583538101800715,0.1117522974828632
O,OCCCCO,373.15,0.0622985141942241,0.10875746194392999
O,OCCCCO,383.15,0.0425421142656691,0.10591895344619996
O,OCCCCO,393.15,0.0262621119888893,0.10322484318170079
O,OCCCCO,404.15,-0.0280497414467568,0.10041530912878731
O,C1CCCCC1,301.65,7.264198196004706,7.788151677734352
O,C1CCCCC1,303.15,7.00850518208228,7.758516825561849
O,C1CCCCC1,303.25,7.293901642703902,7.756551415576473
O,C1CCCCC1,305.65,6.976730816985532,7.709760356061568
O,C1CCCCC1,313.15,6.987545647128425,7.568063076500013
O,C1CCCCC1,313.15,7.029326685247924,7.568063076500013
O,C1CCCCC1,313.15,7.40053505141701,7.568063076500013
O,c1ccncc1,363.15,1.0383773825693057,1.1079618452627522
O,c1ccncc1,373.15,1.0263354594611644,1.126476593876568
O,CCC(C)CO,381.95,1.2665165246707082,1.207825939947692
O,CCOC(C)=O,313.15,2.473972084735221,2.211256329548661
O,CCOC(C)=O,318.55,2.376569486083618,2.204314033914284
O,CCCCCCC,295.65,8.049015094871265,7.280006440649453
O,C1CCCC1,303.15,6.943093464871193,7.361311139529134
O,CC=C(C)C,313.15,6.0814514926991405,6.238100993305805
O,ClC(Cl)(Cl)Cl,298.15,6.876939306833555,6.927642389651906
O,CC(C)C(C)C,298.15,7.372608165900305,7.600016703215031
O,OCCO,333.15,-0.2033409240180301,-0.11029883018336865
O,CCCCC,298.15,8.153548299439315,7.842946467096783
O,CCCCCCCC,298.15,7.4358509139130815,7.2995716126189105
O,ClC(Cl)=C(Cl)Cl,298.15,7.17771371154501,7.073687167367565
O,CCCCCCC,298.15,7.409505848728408,7.218965614448312
